"Date","Duration","Distance","id"
"2019-12-08 00:00:00",116.800003051758,11367.5528564453,944
"2018-12-07 00:00:00",22,2436.6081237793,58
"2019-09-22 00:00:00",29,2813.57613372803,41
"2020-06-16 00:00:00",110,9402.92254638672,96
"2020-11-01 00:00:00",90.9000015258789,9779.84739685059,69
"2018-11-25 00:00:00",21,321.073980093002,57
"2019-02-09 00:00:00",98,9961.48764038086,213
"2020-03-01 00:00:00",92,10212.5748901367,1004
"2019-02-23 00:00:00",110,11029.7106323242,38
"2019-04-02 00:00:00",110,11055.7306976318,38
"2020-06-23 00:00:00",25.6813335418701,2583.00343096859,41
"2019-12-12 00:00:00",83,7959.60838317871,103
"2021-01-05 00:00:00",54.466667175293,6026.64077758789,2073
"2020-07-13 00:00:00",107,10077.8787078857,945
"2019-12-21 00:00:00",110,11415.0900268555,44
"2019-10-12 00:00:00",64,5900.44824665524,944
"2019-03-09 00:00:00",86,8014.68246459961,389
"2019-01-26 00:00:00",110,11586.2718353271,57
"2019-03-30 00:00:00",110,10108.0097045898,46
"2020-07-19 00:00:00",14,2430.9038772583,46
"2019-11-28 00:00:00",110,11233.4253692627,44
"2019-04-02 00:00:00",110,10943.4097900391,386
"2019-03-09 00:00:00",110,10467.1806945801,38
"2020-07-02 00:00:00",99,10424.4725112915,1003
"2020-07-02 00:00:00",17.2666664123535,1347.87389183044,1003
"2021-02-06 00:00:00",40.3346672058106,3863.24845096869,98
"2019-09-19 00:00:00",110,11785.0958099365,56
"2018-11-10 00:00:00",110,11867.57081604,57
"2019-01-26 00:00:00",64,4978.16644287109,213
"2019-10-31 00:00:00",93,8119.76509094238,103
"2019-10-31 00:00:00",17.1833324432373,1331.07406044006,103
"2019-11-10 00:00:00",99,10699.2033996582,46
"2020-07-02 00:00:00",110,11466.5855102539,51
"2020-07-02 00:00:00",17.2666664123535,1266.23062229157,51
"2020-01-11 00:00:00",73,6965.33883666992,44
"2020-02-23 00:00:00",86,8406.15924072266,944
"2020-06-23 00:00:00",79,8561.97858428955,944
"2021-02-09 00:00:00",109.016670227051,8073.24070739746,98
"2019-10-19 00:00:00",110,11652.5531005859,213
"2019-10-27 00:00:00",110,12052.2543640137,213
"2019-12-21 00:00:00",110,13278.7533416748,213
"2020-11-01 00:00:00",91.8666687011719,8584.49295043945,51
"2019-01-09 00:00:00",110,11047.5314178467,409
"2019-01-26 00:00:00",38,3738.63172149658,409
"2019-07-21 00:00:00",61,5802.29086303711,39
"2021-02-09 00:00:00",22.0666675567627,2367.97672080994,1003
"2021-02-14 00:00:00",76.8000030517578,3919.65433692932,69
"2020-07-16 00:00:00",17.3166675567627,1106.02313613892,44
"2020-07-16 00:00:00",99,9617.11558532715,44
"2019-05-12 00:00:00",19.542667388916,2240.05936478518,409
"2019-03-30 00:00:00",11.7973337173462,1450.68642861521,38
"2021-01-05 00:00:00",117.016670227051,10755.2914123535,41
"2020-02-02 00:00:00",110,11122.6297149658,39
"2020-07-13 00:00:00",112,11511.302986145,98
"2020-09-12 00:00:00",108.883331298828,12682.9838943481,213
"2019-10-24 00:00:00",39,4572.40976715088,103
"2019-10-24 00:00:00",33.0166664123535,1259.82041549683,103
"2019-08-07 00:00:00",73,7082.76694488525,668
"2019-02-15 00:00:00",112.558670043945,9005.94459973196,91
"2020-01-04 00:00:00",110,10206.9224853516,91
"2019-07-21 00:00:00",64,5007.77476501465,51
"2019-01-29 00:00:00",38,7443.21197509766,44
"2019-02-02 00:00:00",110,13168.5061645508,44
"2019-05-18 00:00:00",27.9566669464111,3299.09012980384,409
"2019-09-28 00:00:00",110,10747.6879959106,41
"2021-03-13 00:00:00",30.2546672821045,3111.20540899427,39
"2019-10-31 00:00:00",17.1833324432373,1235.91520786285,50
"2019-10-31 00:00:00",110,9065.60530853272,50
"2019-12-15 00:00:00",87,10017.1077423096,46
"2020-01-04 00:00:00",35,3951.30884933472,46
"2021-01-02 00:00:00",113.733329772949,9772.90312194824,51
"2020-12-30 00:00:00",111.933334350586,11398.5930786133,386
"2019-03-03 00:00:00",110,10909.0366668701,39
"2020-11-08 00:00:00",110.766670227051,9225.13497924805,50
"2021-02-14 00:00:00",112.633331298828,9576.41464233399,213
"2020-07-02 00:00:00",17.2666664123535,1242.70358753204,945
"2020-07-02 00:00:00",84,8538.90078735352,945
"2020-02-20 00:00:00",6,928.351417541504,1004
"2021-01-31 00:00:00",110.966667175293,9691.47561645508,1005
"2019-07-27 00:00:00",110,9994.23492431641,45
"2021-03-06 00:00:00",81.5,3854.55653762817,1875
"2019-01-21 00:00:00",110,12133.3231875887,54
"2020-02-27 00:00:00",106,10737.8113975525,213
"2019-01-06 00:00:00",110,9233.40293884277,91
"2019-10-06 00:00:00",110,10851.3559265137,945
"2019-01-29 00:00:00",72,7679.37442494642,92
"2019-06-10 00:00:00",110,10738.5534771065,386
"2019-09-22 00:00:00",110,10796.5839538574,386
"2020-03-07 00:00:00",24.3666667938232,1258.03187656403,41
"2019-04-07 00:00:00",5,49.1952176094055,388
"2018-12-01 00:00:00",110,12100.0593566895,46
"2019-09-15 00:00:00",110,10672.1540222168,945
"2020-09-19 00:00:00",116.383331298828,11044.2318115234,945
"2019-08-07 00:00:00",73,7404.28712463379,42
"2020-11-01 00:00:00",80.7666702270508,7816.0807723999,386
"2018-11-25 00:00:00",5,170.908905029297,387
"2019-11-03 00:00:00",110,10496.9902877808,944
"2018-10-28 00:00:00",110,9474.48657226563,389
"2020-12-17 00:00:00",56.6166648864746,3607.27178955078,69
"2020-07-05 00:00:00",102,12406.1450500488,46
"2019-07-21 00:00:00",64,5604.55034637451,668
"2019-11-14 00:00:00",110,10942.2846617216,386
"2019-10-27 00:00:00",88,9971.92276000977,947
"2020-02-15 00:00:00",110,10357.4077453613,1005
"2021-02-19 00:00:00",111.266670227051,9814.95668029785,944
"2020-02-23 00:00:00",64.0380020141602,5023.36768013199,41
"2018-10-21 00:00:00",110,8938.86711883545,50
"2020-02-08 00:00:00",110,8807.50189208984,50
"2018-12-15 00:00:00",84,8718.73069763184,54
"2019-04-21 00:00:00",92,8617.34095001221,46
"2018-12-15 00:00:00",110,9752.39716339111,91
"2020-10-17 00:00:00",117.449996948242,12368.7438659668,51
"2019-12-15 00:00:00",110,12116.5749664307,44
"2021-02-06 00:00:00",116.933334350586,11924.7994995117,2401
"2019-01-12 00:00:00",110,12361.9359283447,57
"2020-07-08 00:00:00",16.4500007629395,1196.28405189514,510
"2020-07-08 00:00:00",26,3958.62819671631,510
"2019-10-03 00:00:00",19,2508.50099945068,945
"2020-02-08 00:00:00",110,10875.2306518555,945
"2019-12-12 00:00:00",96,8829.72785949707,44
"2019-04-14 00:00:00",110,9663.1262512207,39
"2020-06-20 00:00:00",94,9680.68643951416,1003
"2019-02-09 00:00:00",110,9144.15243530273,50
"2019-10-03 00:00:00",110,12556.982421875,946
"2019-08-31 00:00:00",110,11450.7469024658,44
"2021-02-09 00:00:00",109.150001525879,11558.858291626,386
"2020-06-20 00:00:00",77,8023.72466278076,41
"2020-01-04 00:00:00",110,10173.7630004883,39
"2019-12-12 00:00:00",14,2128.81083106995,1003
"2019-12-21 00:00:00",110,10788.3643493652,945
"2020-01-26 00:00:00",110,11313.6311035156,44
"2019-05-12 00:00:00",110,11632.4931793213,386
"2021-02-19 00:00:00",53.0833320617676,1668.06593513489,2366
"2019-08-24 00:00:00",29,5292.66059875488,944
"2019-08-24 00:00:00",18.033332824707,1402.71933746338,944
"2020-09-26 00:00:00",61.1833343505859,4817.64002990723,41
"2019-01-09 00:00:00",110,3343.56814314963,54
"2019-02-02 00:00:00",110,11697.9274139404,388
"2019-10-31 00:00:00",110,11609.908996582,213
"2019-10-31 00:00:00",17.1833324432373,1271.91436064243,213
"2019-03-09 00:00:00",64,5635.20119476318,46
"2020-03-01 00:00:00",110,11972.5429534912,386
"2020-03-07 00:00:00",25.1166667938232,1317.37426733971,386
"2020-03-07 00:00:00",110,10973.733001709,386
"2020-03-07 00:00:00",24.9833335876465,1231.69688129425,1004
"2020-03-07 00:00:00",25,3077.52670288086,1004
"2019-02-15 00:00:00",110,12327.0655517578,38
"2020-11-29 00:00:00",113.516670227051,9659.54055786133,945
"2020-12-23 00:00:00",111.216667175293,12142.9523620605,44
"2019-04-25 00:00:00",110,11666.5009460449,386
"2021-02-14 00:00:00",112.633331298828,7352.70669555664,386
"2019-04-02 00:00:00",95,5829.29563903809,387
"2019-01-18 00:00:00",110,9999.81781005859,39
"2020-06-12 00:00:00",110,7738.13003540039,50
"2019-05-12 00:00:00",64,6528.8452911377,57
"2020-07-19 00:00:00",88,9521.19729614258,103
"2019-05-05 00:00:00",110,11548.7091064453,46
"2019-01-12 00:00:00",110,10180.6696929932,91
"2019-10-31 00:00:00",61,4735.68748474121,91
"2019-10-31 00:00:00",17.1833324432373,1235.91520786285,91
"2019-11-07 00:00:00",110,10557.4223709106,51
"2019-03-09 00:00:00",110,11254.185836792,44
"2019-01-12 00:00:00",110,11360.6070022583,386
"2019-01-26 00:00:00",72,7777.12680053711,38
"2020-03-07 00:00:00",110,11201.6116638184,944
"2020-03-07 00:00:00",25.1166667938232,1262.18668746948,944
"2019-09-06 00:00:00",95,9194.50900357404,56
"2020-01-11 00:00:00",84,8572.13255310059,103
"2019-01-26 00:00:00",103,8979.72332763672,50
"2019-03-17 00:00:00",80,7844.7811126709,44
"2021-01-31 00:00:00",110.966667175293,9817.59022521973,2401
"2019-04-02 00:00:00",110,11039.9883880615,41
"2021-02-14 00:00:00",76.5500030517578,4982.81868743897,1313
"2019-10-06 00:00:00",110,9930.05700683594,39
"2021-02-19 00:00:00",111.266670227051,10234.1761474609,98
"2019-01-29 00:00:00",110,12913.3752288818,46
"2019-01-18 00:00:00",110,10165.4822692871,91
"2019-03-09 00:00:00",110,9939.23863220215,91
"2019-11-10 00:00:00",110,10359.3679199219,945
"2018-11-25 00:00:00",110,11823.7848129272,39
"2021-01-02 00:00:00",64.0833358764648,5198.08702850342,1003
"2020-09-29 00:00:00",56.6500015258789,3771.91492462158,98
"2019-01-22 00:00:00",97,10155.0085906982,57
"2018-12-15 00:00:00",110,11506.6877212524,46
"2019-12-15 00:00:00",100,10959.5154724121,945
"2020-06-29 00:00:00",17.6833324432373,1224.16129589081,51
"2020-06-29 00:00:00",110,11137.8218994141,51
"2019-01-06 00:00:00",110,11357.2362976074,44
"2019-07-21 00:00:00",61,6266.03093719482,44
"2018-11-04 00:00:00",87.9246673583984,8177.36741407937,41
"2019-12-12 00:00:00",110,11225.5549926758,39
"2020-11-22 00:00:00",110.690673828125,9656.45135468193,39
"2018-10-21 00:00:00",110,11451.1059265137,389
"2020-07-02 00:00:00",17.2666664123535,1312.04526901245,56
"2021-01-25 00:00:00",104.150001525879,8081.04144668579,213
"2019-09-19 00:00:00",92,10196.3245239258,1004
"2020-09-26 00:00:00",108.143333435059,9806.81399313173,944
"2020-06-12 00:00:00",11,1531.41063308716,58
"2019-03-17 00:00:00",110,12246.3526611328,39
"2019-10-24 00:00:00",110,11476.4124069214,56
"2019-10-24 00:00:00",33.0166664123535,1555.60244941711,56
"2019-11-24 00:00:00",93,7637.68405151367,945
"2020-11-08 00:00:00",110.766670227051,11257.7226104736,44
"2018-10-31 00:00:00",108.849998474121,11857.3205718994,386
"2018-12-07 00:00:00",10,30.2232670783997,38
"2019-08-31 00:00:00",110,11118.6094055176,944
"2020-12-05 00:00:00",95.4499969482422,8554.93112182617,1875
"2019-09-25 00:00:00",110,10567.8732147217,39
"2018-12-01 00:00:00",69,6539.46932983398,389
"2019-05-12 00:00:00",61,5887.08476257324,54
"2019-03-03 00:00:00",110,12129.7052612305,51
"2020-09-12 00:00:00",108.983329772949,11152.4557571411,51
"2019-12-01 00:00:00",110,10972.8096008301,386
"2019-10-24 00:00:00",110,10879.4389953613,1004
"2019-10-24 00:00:00",33.0166664123535,1291.78845214844,1004
"2020-03-01 00:00:00",7.69933319091797,1079.07147253492,1003
"2019-02-23 00:00:00",110,10485.0016479492,389
"2020-10-11 00:00:00",2,130.040738618613,69
"2019-04-28 00:00:00",66,5445.50217437744,46
"2020-06-23 00:00:00",31,4397.48865890503,46
"2019-10-06 00:00:00",110,11369.2127380371,91
"2020-06-23 00:00:00",110,11176.2346954346,51
"2020-02-23 00:00:00",37,4369.14436340332,44
"2019-07-21 00:00:00",61,5922.02876281738,947
"2020-07-13 00:00:00",110,8690.16091918945,50
"2019-03-09 00:00:00",110,11308.3197631836,213
"2020-06-29 00:00:00",17.6666660308838,1195.83071708679,945
"2020-06-29 00:00:00",97,9307.67724609375,945
"2021-01-31 00:00:00",110.966667175293,11305.3143005371,44
"2020-07-02 00:00:00",17.2666664123535,1340.34737300873,386
"2020-07-02 00:00:00",110,11542.8404083252,386
"2019-02-09 00:00:00",86,8422.31256103516,409
"2019-04-21 00:00:00",10.3466663360596,1438.45185550163,41
"2019-09-15 00:00:00",110,9811.44010925293,39
"2019-03-09 00:00:00",110,9274.74546813965,50
"2020-12-20 00:00:00",114.366668701172,8673.55934143066,50
"2019-03-03 00:00:00",110,11328.7103271484,213
"2020-07-08 00:00:00",16.4500007629395,1206.25536155701,51
"2020-07-08 00:00:00",110,10656.7236328125,51
"2020-06-16 00:00:00",110,11110.0128936768,386
"2020-09-29 00:00:00",109.883331298828,10165.8147735596,944
"2021-02-14 00:00:00",74.6666641235352,3322.03415489197,41
"2019-11-03 00:00:00",110,9440.48394012451,50
"2019-04-25 00:00:00",110,12388.078125,46
"2019-01-26 00:00:00",106,9490.29284667969,91
"2019-04-07 00:00:00",70,6798.50816345215,51
"2019-11-10 00:00:00",110,10296.1184082031,41
"2019-03-09 00:00:00",110,10675.3999633789,39
"2019-09-28 00:00:00",87,8099.94996643066,103
"2019-10-03 00:00:00",110,10023.940032959,91
"2020-09-12 00:00:00",62.783332824707,5604.66177368164,945
"2018-11-25 00:00:00",110,10510.2594909668,38
"2021-02-19 00:00:00",111.266670227051,9044.59680175781,50
"2019-04-25 00:00:00",72.0526657104492,7653.97601982167,51
"2019-09-22 00:00:00",110,10133.3797149658,44
"2020-02-15 00:00:00",82,8205.06171417236,1165
"2019-10-19 00:00:00",75,7048.73100280762,947
"2020-06-23 00:00:00",110,10886.6891555786,39
"2019-04-14 00:00:00",110,9266.98388671875,50
"2020-12-20 00:00:00",114.366668701172,9442.90312576294,98
"2021-01-11 00:00:00",113.395332336426,10091.093076991,98
"2019-11-28 00:00:00",9,2700.58937072754,945
"2020-11-18 00:00:00",61,6070.9012477528,386
"2019-09-25 00:00:00",36,4866.01916503906,1004
"2019-09-25 00:00:00",77.2280006408691,6473.54438390214,944
"2020-11-08 00:00:00",110.766670227051,10897.2003173828,944
"2021-02-09 00:00:00",29.5,2583.96976280212,69
"2021-02-19 00:00:00",52.6666679382324,944.556726455689,69
"2019-10-24 00:00:00",33.0166664123535,1472.16443061829,57
"2019-10-24 00:00:00",71,6992.14203643799,57
"2019-02-09 00:00:00",32.4213333129883,4027.48613549994,92
"2019-10-19 00:00:00",64,5774.87489318848,41
"2019-04-21 00:00:00",117.134658813477,9671.05962684254,45
"2019-01-12 00:00:00",110,9825.3013458252,50
"2019-09-25 00:00:00",110,13510.4811668396,213
"2020-02-20 00:00:00",23,3111.06993103027,46
"2019-01-22 00:00:00",110,10547.4680175781,91
"2019-08-18 00:00:00",61,4991.46826934815,91
"2019-08-18 00:00:00",17.4833335876465,1257.40214300156,91
"2019-07-27 00:00:00",41,4808.53591918945,945
"2020-11-17 00:00:00",35,3599.42333097544,44
"2021-02-06 00:00:00",116.933334350586,9177.29696655274,2366
"2020-07-02 00:00:00",92,8574.62750244141,39
"2020-07-02 00:00:00",17.2666664123535,1278.76726150513,39
"2020-07-13 00:00:00",3.85666656494141,1234.36329228398,56
"2019-09-19 00:00:00",27,4187.82008361816,213
"2020-07-16 00:00:00",34,3967.67778015137,103
"2020-07-16 00:00:00",17.3166675567627,1124.45510292053,103
"2019-05-05 00:00:00",110.60400390625,10958.8873741412,51
"2019-07-27 00:00:00",110,10465.0927276611,212
"2018-10-21 00:00:00",81.5306701660156,7115.11093929824,41
"2019-12-01 00:00:00",110,10028.3115386963,39
"2019-09-15 00:00:00",26,4795.75590515137,1003
"2021-02-27 00:00:00",115.099998474121,8650.66368103027,50
"2019-10-06 00:00:00",96,8947.47535705566,103
"2019-02-09 00:00:00",110,11534.3818969727,46
"2021-02-06 00:00:00",11.246000289917,1391.23224903899,51
"2019-10-10 00:00:00",80,7968.44778227607,386
"2020-01-04 00:00:00",110,11073.1960144043,386
"2020-12-20 00:00:00",114.366668701172,11088.6838378906,386
"2021-01-02 00:00:00",55.3833351135254,5493.8102645874,944
"2020-09-29 00:00:00",56.8333320617676,2533.51021385193,1903
"2020-01-26 00:00:00",80,7317.04248046875,46
"2020-06-23 00:00:00",110,11534.6050033569,44
"2020-09-12 00:00:00",84.1999969482422,8816.24594116211,1005
"2021-01-05 00:00:00",54.5166664123535,5388.41337585449,1984
"2020-10-03 00:00:00",77.3333358764648,8143.88171386719,1875
"2019-12-08 00:00:00",116.800003051758,13264.4553527832,39
"2019-01-09 00:00:00",110,9973.44993591309,389
"2019-12-15 00:00:00",110,11500.7294616699,213
"2018-12-04 00:00:00",112.816665649414,7043.70234680176,91
"2020-07-16 00:00:00",110,10463.2696838379,945
"2020-07-16 00:00:00",17.3166675567627,1158.95234298706,945
"2021-01-05 00:00:00",68.3833312988281,6102.33023071289,945
"2020-06-29 00:00:00",17.6833324432373,1307.21929478645,1003
"2019-10-19 00:00:00",110,9045.32623291016,50
"2021-01-02 00:00:00",113.733329772949,10431.829574585,98
"2021-01-11 00:00:00",113.395332336426,11485.6632500813,213
"2019-11-03 00:00:00",83,8523.2878112793,1004
"2019-01-12 00:00:00",20.2446670532227,2408.616891427,45
"2021-01-25 00:00:00",110.166664123535,11320.0139923096,39
"2020-03-07 00:00:00",110,9280.64775085449,50
"2020-03-07 00:00:00",24.9500007629395,1262.64610958099,50
"2021-03-06 00:00:00",61.5499992370606,2320.12660312653,57
"2020-06-23 00:00:00",98,9797.73424530029,213
"2020-09-29 00:00:00",110.783332824707,11372.1703186035,945
"2020-12-12 00:00:00",113.233329772949,10376.7386474609,1005
"2018-11-10 00:00:00",79.3880004882813,7481.38950001035,41
"2020-09-26 00:00:00",111.233329772949,12167.3765411377,39
"2020-09-12 00:00:00",62.5666656494141,3682.59467315674,50
"2021-03-13 00:00:00",113.199996948242,10728.6439819336,69
"2018-11-25 00:00:00",110,11353.3837280273,213
"2019-02-09 00:00:00",12,3.19688618183136,41
"2020-11-01 00:00:00",116.199996948242,11515.5130462647,39
"2020-10-25 00:00:00",63.1500015258789,4267.25350952149,1003
"2019-04-07 00:00:00",110,8647.41341400146,50
"2020-12-23 00:00:00",71.8926658630371,6566.415597535,69
"2019-03-30 00:00:00",110,10420.4064941406,57
"2020-07-19 00:00:00",110,12238.934967041,51
"2020-07-19 00:00:00",110,12327.9287109375,44
"2021-02-19 00:00:00",111.266670227051,11853.6615905762,44
"2019-10-27 00:00:00",110,12108.5863037109,386
"2019-10-03 00:00:00",110,10907.5756072998,944
"2020-10-17 00:00:00",117.449996948242,12052.2148132324,39
"2021-02-09 00:00:00",109.150001525879,10334.4779052734,39
"2020-12-30 00:00:00",106.416664123535,10294.5168304443,1003
"2019-04-28 00:00:00",44,4482.40666198731,388
"2020-12-30 00:00:00",87.6500015258789,9695.50765991211,213
"2020-07-13 00:00:00",110,12343.1627349854,386
"2021-01-20 00:00:00",113.349998474121,11272.3995666504,944
"2020-07-16 00:00:00",17.3166675567627,1121.51377677917,58
"2020-07-16 00:00:00",11,1801.88555526733,58
"2020-02-23 00:00:00",110,9872.80804443359,96
"2019-04-21 00:00:00",110,10879.4105072021,44
"2019-07-27 00:00:00",30,4840.5668888092,386
"2018-11-25 00:00:00",21.3340015411377,2645.97609377631,41
"2020-02-15 00:00:00",42.1040000915527,4887.10539895674,41
"2020-12-23 00:00:00",36.3326644897461,4363.61469896901,41
"2021-02-19 00:00:00",84.4333343505859,8541.21574401855,41
"2018-12-04 00:00:00",110,8972.81893920898,45
"2019-01-29 00:00:00",22,1868.72316894531,45
"2021-01-02 00:00:00",113.733329772949,12458.3265686035,945
"2020-12-30 00:00:00",111.933334350586,11102.6979370117,51
"2019-01-15 00:00:00",64,5568.83432006836,386
"2019-11-03 00:00:00",13,1993.38441467285,386
"2020-06-20 00:00:00",16,1812.43894958496,1004
"2020-09-29 00:00:00",109.949996948242,9613.40362548828,41
"2020-12-20 00:00:00",114.366668701172,10273.5867462158,1875
"2019-03-30 00:00:00",110,9699.23435974121,39
"2020-12-05 00:00:00",103.550003051758,11169.9032897949,98
"2019-04-14 00:00:00",110,10247.1692504883,91
"2019-04-14 00:00:00",77,8156.91006469727,51
"2020-01-04 00:00:00",110,12021.3373718262,44
"2020-11-29 00:00:00",103.650001525879,9211.90728759766,1875
"2020-01-26 00:00:00",30,3512.26419067383,1171
"2021-02-27 00:00:00",106.099998474121,8782.08673095703,69
"2020-11-22 00:00:00",110.690673828125,10464.0480783922,945
"2021-01-02 00:00:00",113.733329772949,11326.5585632324,44
"2021-01-05 00:00:00",71.5166702270508,6537.98907470703,44
"2019-08-07 00:00:00",37,5210.05997467041,947
"2020-12-05 00:00:00",89.9833297729492,9038.39460754395,1005
"2019-05-05 00:00:00",110,9835.52857971191,39
"2020-09-06 00:00:00",93,6206.48880025461,69
"2018-12-21 00:00:00",110,13398.2663879395,213
"2018-11-17 00:00:00",110,10901.3775088096,386
"2019-01-22 00:00:00",110,11241.1375732422,386
"2019-02-02 00:00:00",100,11452.0061340332,409
"2019-01-12 00:00:00",110,11538.4162597656,38
"2019-11-03 00:00:00",68,7306.58953094482,946
"2019-08-24 00:00:00",18.033332824707,1376.32433176041,57
"2019-01-22 00:00:00",26,2805.04484939575,46
"2018-12-07 00:00:00",26,3023.56643676758,387
"2019-11-10 00:00:00",110,10491.6376190186,944
"2020-09-12 00:00:00",62.9000015258789,3493.79950714111,1903
"2019-05-18 00:00:00",112.085998535156,9385.91726859856,45
"2021-03-06 00:00:00",112.699996948242,5667.24794769287,1313
"2019-01-15 00:00:00",110,11083.3205871582,389
"2020-07-16 00:00:00",110,9358.9831237793,50
"2020-07-16 00:00:00",17.3166675567627,1168.93807220459,50
"2020-12-17 00:00:00",59.1666679382324,5359.81536960602,98
"2019-01-09 00:00:00",110,11231.0800704956,387
"2020-12-12 00:00:00",61.5833320617676,2474.32579231262,1903
"2020-06-23 00:00:00",12,2678.86946868896,57
"2018-11-04 00:00:00",25,2666.9573059082,213
"2018-12-07 00:00:00",84,10509.0169296265,44
"2020-03-07 00:00:00",25.0666675567627,1283.08110809326,44
"2020-03-07 00:00:00",96,9599.74282836914,44
"2019-01-12 00:00:00",85,10862.5323486328,387
"2020-11-22 00:00:00",75.5979995727539,7016.26681003337,944
"2019-09-19 00:00:00",110,9652.53746032715,45
"2021-03-13 00:00:00",109.116668701172,7995.44096374512,1875
"2018-11-04 00:00:00",110,10168.3263397217,50
"2019-01-09 00:00:00",26,1627.4513053894,57
"2020-06-29 00:00:00",17.6833324432373,1189.49626660347,510
"2020-06-29 00:00:00",83,8495.83474731445,510
"2018-10-28 00:00:00",104,10317.8101043701,46
"2019-01-06 00:00:00",37,3985.2247505188,46
"2019-12-15 00:00:00",110,9841.92411804199,91
"2019-07-27 00:00:00",80,8699.84043884277,51
"2020-09-26 00:00:00",108.143333435059,9244.23685722821,1005
"2021-02-06 00:00:00",21.673999786377,2565.56645951861,41
"2021-02-06 00:00:00",116.933334350586,12093.3961181641,1313
"2020-11-08 00:00:00",110.766670227051,9851.96025085449,96
"2020-10-03 00:00:00",106.183334350586,10461.7431030273,39
"2019-05-18 00:00:00",110,9187.90837097168,389
"2018-12-15 00:00:00",26,3382.77589035034,57
"2018-12-04 00:00:00",112.233329772949,11308.9005889893,54
"2019-04-21 00:00:00",76,7642.44805908203,54
"2020-07-19 00:00:00",22,3265.83144760132,510
"2020-12-17 00:00:00",83.8000030517578,8974.50335693359,213
"2020-07-08 00:00:00",16.4500007629395,1185.67778205872,103
"2020-07-08 00:00:00",84,7828.81855010986,103
"2020-12-23 00:00:00",111.216667175293,12251.5175476074,945
"2019-02-23 00:00:00",110,11269.7970428467,386
"2020-01-04 00:00:00",14,1965.47999572754,58
"2019-02-02 00:00:00",110,10847.2335205078,389
"2019-09-28 00:00:00",110,8291.42924499512,50
"2019-04-07 00:00:00",105,10231.1013469696,46
"2019-12-15 00:00:00",110,10934.3550109863,51
"2020-01-17 00:00:00",17.4833335876465,1277.5998134613,51
"2020-01-17 00:00:00",110,11802.9846343994,51
"2020-02-27 00:00:00",110,4329.7603597641,51
"2019-08-24 00:00:00",18.033332824707,1449.81711578369,386
"2019-08-24 00:00:00",41,4447.92861175537,386
"2019-10-19 00:00:00",110,10866.2179870605,386
"2019-08-07 00:00:00",86,8280.67763519287,41
"2019-12-15 00:00:00",22.2606678009033,2743.58563246543,41
"2018-12-21 00:00:00",110,12321.533996582,39
"2020-02-27 00:00:00",85,6923.80599117279,1171
"2019-07-27 00:00:00",110,10465.0927276611,943
"2019-08-31 00:00:00",76,7753.78562927246,213
"2020-06-16 00:00:00",110,11627.8710327148,213
"2020-07-05 00:00:00",110,12060.4078979492,213
"2019-03-09 00:00:00",25.2153339385986,2987.91102437229,51
"2019-09-19 00:00:00",5,1916.67098617554,44
"2020-10-13 00:00:00",7,728.285865506259,44
"2019-04-14 00:00:00",110,10383.9426269531,386
"2019-10-19 00:00:00",35,3941.97290039062,1004
"2020-12-12 00:00:00",113.233329772949,11024.7239837646,944
"2020-09-29 00:00:00",110.050003051758,9036.22988128662,39
"2020-07-05 00:00:00",110,10594.4598083496,50
"2020-12-05 00:00:00",67.1333312988281,4939.9232711792,69
"2019-10-15 00:00:00",22,2156.60973358154,56
"2020-07-02 00:00:00",17.2666664123535,1335.25549268723,213
"2020-07-02 00:00:00",92,9320.94079589844,213
"2019-08-18 00:00:00",64,5344.75991821289,947
"2019-08-18 00:00:00",17.4833335876465,1299.20711803436,947
"2019-01-29 00:00:00",110,13393.6304473877,213
"2019-11-24 00:00:00",33,3839.75612831116,46
"2019-07-21 00:00:00",64,5191.81980133057,42
"2020-02-27 00:00:00",110,2200.83162689209,1005
"2020-01-26 00:00:00",110,10759.2477722168,39
"2019-11-03 00:00:00",110,11912.7736053467,1003
"2021-01-11 00:00:00",113.395332336426,8803.52533227766,50
"2019-12-15 00:00:00",89,8971.2320098877,57
"2019-12-08 00:00:00",116.800003051758,9592.92762756348,91
"2019-12-12 00:00:00",110,10320.7442016602,945
"2020-06-16 00:00:00",80,8085.28530883789,51
"2019-11-07 00:00:00",110,10957.621887207,947
"2019-10-06 00:00:00",61,4843.17542266846,944
"2021-03-06 00:00:00",61.3499984741211,1935.20233750343,41
"2020-07-16 00:00:00",76,7087.60851287842,386
"2020-07-16 00:00:00",17.3166675567627,1266.74106097221,386
"2019-10-06 00:00:00",64,5462.25382995605,1004
"2020-06-20 00:00:00",110,11481.612487793,213
"2021-01-05 00:00:00",68.5666656494141,6267.91448783875,213
"2020-06-16 00:00:00",110,10584.1303253174,945
"2019-02-09 00:00:00",76,9488.09599304199,44
"2021-01-11 00:00:00",113.395332336426,10821.047949839,44
"2019-10-27 00:00:00",110,12954.8876190186,1005
"2020-02-23 00:00:00",110,8606.92749023437,50
"2019-10-19 00:00:00",99,9875.63299560547,103
"2019-02-09 00:00:00",110,11683.2771606445,386
"2020-01-26 00:00:00",110,9457.42370605469,1005
"2020-11-22 00:00:00",35.0926666259766,3483.83352278787,41
"2019-08-31 00:00:00",110,10380.6767578125,39
"2019-09-15 00:00:00",110,9215.06085205078,91
"2019-12-21 00:00:00",110,10654.2750549316,91
"2020-12-05 00:00:00",95.7666702270508,8622.95890808105,51
"2020-06-12 00:00:00",99,9194.64914321899,944
"2021-01-05 00:00:00",117.016670227051,11210.2598724365,944
"2018-12-07 00:00:00",111.240661621094,9053.89614465505,45
"2019-04-07 00:00:00",109.668670654297,9060.47418360031,45
"2020-10-25 00:00:00",118.366668701172,10481.7554016113,39
"2021-02-14 00:00:00",112.633331298828,9660.59339141846,98
"2020-01-04 00:00:00",95,9951.55711364746,213
"2020-07-13 00:00:00",98,10311.4229736328,103
"2020-06-16 00:00:00",80,8088.99417114258,46
"2019-12-08 00:00:00",116.800003051758,12128.1819152832,51
"2020-06-12 00:00:00",17,1993.15934872627,1004
"2019-08-07 00:00:00",86,9110.67170715332,56
"2019-10-03 00:00:00",110,11687.6007614136,56
"2020-07-16 00:00:00",17.3166675567627,1323.83387303352,213
"2020-07-16 00:00:00",75,7080.08271789551,213
"2021-01-31 00:00:00",110.966667175293,10776.1731567383,213
"2019-08-31 00:00:00",72,7599.76971435547,56
"2020-07-08 00:00:00",16.4500007629395,1318.93626117706,213
"2020-07-08 00:00:00",72,7132.63771057129,213
"2019-10-27 00:00:00",110,13562.338973999,103
"2019-04-02 00:00:00",110,9340.1593170166,91
"2020-02-20 00:00:00",104,10592.5930786133,945
"2020-11-08 00:00:00",57.1333351135254,6033.94794464111,1983
"2019-04-07 00:00:00",110,10916.3462219238,38
"2019-04-28 00:00:00",110,8492.68063354492,50
"2019-04-25 00:00:00",23,3079.45985412598,57
"2019-04-14 00:00:00",23,2516.88410568237,46
"2019-02-23 00:00:00",110,9664.17965698242,91
"2020-12-12 00:00:00",113.233329772949,12217.920211792,945
"2018-11-04 00:00:00",110,11069.229598999,386
"2021-03-06 00:00:00",105.116668701172,9417.44886779785,386
"2020-07-19 00:00:00",110,12524.0311584473,1003
"2019-11-07 00:00:00",110,11652.5254516602,946
"2018-12-04 00:00:00",112.816665649414,6723.5051574707,385
"2019-09-22 00:00:00",81,7831.2266998291,213
"2019-09-19 00:00:00",18,3172.96197128296,945
"2019-10-24 00:00:00",33.0166664123535,2340.45128631592,945
"2019-10-24 00:00:00",26,3039.05805206299,945
"2019-03-30 00:00:00",25.0786666870117,3153.25846180656,92
"2019-10-24 00:00:00",33.0166664123535,1624.89930725098,947
"2019-10-24 00:00:00",110,11176.4410400391,947
"2020-11-01 00:00:00",27.996000289917,2896.98425444774,1984
"2020-12-30 00:00:00",65.6333312988281,5432.7859954834,69
"2020-02-08 00:00:00",110,11522.241027832,51
"2020-09-12 00:00:00",84.283332824707,9366.1319732666,44
"2020-12-12 00:00:00",113.233329772949,12417.8411254883,44
"2019-07-21 00:00:00",64,5361.21189498901,386
"2019-10-24 00:00:00",110,11139.9144287109,386
"2019-10-24 00:00:00",33.0166664123535,1541.08163642883,386
"2020-06-20 00:00:00",16,1980.23453044891,944
"2019-04-28 00:00:00",64.4266700744629,5462.71242906743,41
"2019-02-23 00:00:00",110,8770.88133239746,50
"2020-10-25 00:00:00",64.4000015258789,4910.17725944519,69
"2019-01-29 00:00:00",110,12168.6967468262,386
"2019-10-03 00:00:00",11,1555.6916885376,386
"2019-12-12 00:00:00",110,10727.1107635498,386
"2021-01-31 00:00:00",110.966667175293,8894.46517944336,2366
"2020-02-15 00:00:00",110,10389.2865753174,944
"2021-01-31 00:00:00",110.966667175293,10400.9473571777,39
"2020-02-02 00:00:00",69,7477.55490112305,1171
"2019-09-06 00:00:00",110,10720.4922438915,945
"2020-01-26 00:00:00",110,10743.7242126465,945
"2021-02-27 00:00:00",115.099998474121,10870.878692627,945
"2020-11-29 00:00:00",56.0499992370606,1194.09796905518,944
"2021-02-09 00:00:00",109.150001525879,7860.92152404785,1875
"2019-12-21 00:00:00",110,10715.1542663574,39
"2019-07-27 00:00:00",69,7627.95197868347,57
"2019-03-03 00:00:00",100,10746.8779296875,46
"2018-12-21 00:00:00",105,13674.8586425781,44
"2019-09-19 00:00:00",110,11536.9427978526,947
"2018-11-10 00:00:00",110,11176.4722900391,38
"2019-03-03 00:00:00",10,341.177034378052,41
"2019-03-09 00:00:00",61.2946662902832,5211.86333603568,41
"2019-05-05 00:00:00",110.60400390625,9110.66838487962,45
"2021-01-20 00:00:00",113.349998474121,5469.68069458008,1313
"2020-12-23 00:00:00",77.8499984741211,7142.60189819336,1003
"2019-02-09 00:00:00",110,9629.57102966309,91
"2020-02-20 00:00:00",110,11032.5458068848,51
"2020-06-16 00:00:00",107,10328.8652648926,44
"2020-12-05 00:00:00",103.550003051758,11807.3396453857,44
"2021-02-27 00:00:00",69.3833312988281,5231.50263977051,2401
"2021-01-05 00:00:00",117.016670227051,10932.5868377686,1005
"2021-02-09 00:00:00",55.5,4615.39611053467,1313
"2020-07-19 00:00:00",11.9759998321533,1615.64916812841,57
"2020-02-02 00:00:00",41,4586.47357749939,46
"2020-01-04 00:00:00",110,10849.9320678711,945
"2020-07-13 00:00:00",110,12526.0349578857,44
"2020-03-01 00:00:00",18,2612.70419311523,58
"2020-03-07 00:00:00",99,9409.3974609375,39
"2020-03-07 00:00:00",25.1166667938232,1353.05945682526,39
"2020-07-16 00:00:00",17.3166675567627,1358.61946868896,1003
"2020-07-16 00:00:00",110,10932.306640625,1003
"2019-04-25 00:00:00",110,10087.24609375,388
"2019-11-24 00:00:00",110,11618.424987793,213
"2020-02-20 00:00:00",87,9007.38348388672,213
"2019-09-22 00:00:00",97,8882.30705261231,103
"2018-11-10 00:00:00",110,11564.819152832,386
"2019-11-07 00:00:00",28,3278.6413269043,1004
"2019-01-26 00:00:00",110,10035.2279815674,41
"2020-09-12 00:00:00",58.1333351135254,6643.95552825928,1875
"2019-11-24 00:00:00",13.271333694458,1692.43516129364,57
"2020-11-01 00:00:00",54.0499992370606,3338.87792491913,57
"2018-10-31 00:00:00",109.816665649414,8254.74890136719,385
"2018-11-10 00:00:00",107,10856.6135101318,46
"2019-10-10 00:00:00",30,2919.40056349048,945
"2019-11-24 00:00:00",110,11930.3684387207,51
"2019-12-21 00:00:00",15,2189.5809135437,51
"2019-10-27 00:00:00",110,11744.2617492676,44
"2020-11-08 00:00:00",110.766670227051,11234.9609680176,386
"2019-09-22 00:00:00",110,9923.65805053711,944
"2020-07-05 00:00:00",110,10439.3061065674,944
"2019-01-22 00:00:00",84,8014.5158996582,41
"2019-10-27 00:00:00",73,9346.66902160645,46
"2019-12-01 00:00:00",110,9909.19512939453,945
"2018-12-21 00:00:00",12,46.0085127353668,92
"2019-10-19 00:00:00",110,11643.512802124,44
"2019-09-19 00:00:00",110,10611.6382751465,944
"2020-12-20 00:00:00",114.366668701172,9053.56028747559,41
"2020-07-02 00:00:00",17.2666664123535,1253.90855407715,50
"2020-07-02 00:00:00",110,8925.58692932129,50
"2020-11-22 00:00:00",110.690673828125,10350.5983441177,213
"2019-07-21 00:00:00",61,6082.20703125,945
"2020-02-15 00:00:00",110,11512.6627502441,44
"2019-03-25 00:00:00",110,10896.9071502686,386
"2019-11-10 00:00:00",110,10756.0899963379,386
"2020-07-08 00:00:00",112,9589.52263641358,1005
"2020-07-08 00:00:00",16.4500007629395,1277.47237205505,1005
"2019-08-07 00:00:00",86,8391.74526977539,944
"2019-02-09 00:00:00",110,10674.1796569824,389
"2020-07-19 00:00:00",125.090667724609,9238.06868245325,50
"2021-03-13 00:00:00",114.25,8877.54208374023,50
"2019-04-21 00:00:00",18.0773334503174,2551.71385447139,92
"2020-09-26 00:00:00",111.233329772949,12462.6636352539,386
"2019-05-05 00:00:00",9.42533397674561,1304.14638719782,387
"2021-02-09 00:00:00",109.150001525879,7647.33584594727,41
"2020-12-17 00:00:00",85.1166687011719,7742.58902740479,1903
"2019-12-21 00:00:00",18.6599998474121,2436.36394773976,56
"2018-12-07 00:00:00",110,13497.593963623,213
"2019-03-17 00:00:00",110,11202.8387145996,213
"2020-09-19 00:00:00",115.333335876465,11247.6056671143,44
"2021-01-25 00:00:00",110.166664123535,6686.11082077026,386
"2020-06-29 00:00:00",17.6833324432373,1112.15649414063,1165
"2020-06-29 00:00:00",27,3158.73063659668,1165
"2019-02-15 00:00:00",88,9095.82148742676,41
"2018-11-10 00:00:00",95.3006591796875,8728.98820692222,45
"2019-10-06 00:00:00",14,2053.61774253845,1003
"2020-11-29 00:00:00",58.3666648864746,5492.77229309082,1003
"2020-02-15 00:00:00",67,6671.60174560547,51
"2019-03-30 00:00:00",83,7923.55966949463,44
"2019-11-24 00:00:00",110,11602.6312866211,44
"2018-11-25 00:00:00",110,10781.1894817352,386
"2020-10-03 00:00:00",106.183334350586,10739.2655181885,944
"2020-12-23 00:00:00",61.7000007629395,5287.54732513428,213
"2018-12-01 00:00:00",110,11674.7577819824,386
"2021-03-06 00:00:00",81.6666641235352,5488.7412071228,2366
"2018-12-01 00:00:00",110,11113.4263000488,38
"2019-11-28 00:00:00",110,10816.2302474976,944
"2018-12-15 00:00:00",94.7733306884766,9049.22671554228,41
"2019-01-18 00:00:00",19,1914.32970619202,41
"2019-01-15 00:00:00",110,10927.5969696045,39
"2019-01-22 00:00:00",37,4951.43576812744,389
"2018-12-07 00:00:00",110,11201.8546447754,50
"2019-03-24 00:00:00",110,8919.90982775742,50
"2020-12-17 00:00:00",85.4166641235352,6481.29481124878,50
"2020-07-08 00:00:00",16.4500007629395,1219.27687835693,57
"2019-09-28 00:00:00",110,11064.6518554688,44
"2018-12-15 00:00:00",110,10502.97265625,38
"2019-03-17 00:00:00",5.67600011825562,992.505599811806,41
"2018-12-01 00:00:00",112.287330627441,9626.8224355294,45
"2020-03-01 00:00:00",110,10728.2688446045,39
"2020-07-13 00:00:00",110,11321.3996276855,1003
"2020-12-12 00:00:00",113.233329772949,10819.4812164307,69
"2019-08-18 00:00:00",110,11290.0469512939,44
"2019-08-18 00:00:00",17.4833335876465,1333.92693662643,44
"2020-11-29 00:00:00",113.516670227051,11132.0098266602,44
"2019-10-14 00:00:00",110,10835.4975100168,386
"2020-06-12 00:00:00",110,9556.66159820557,39
"2020-01-11 00:00:00",30,3942.72158813477,1003
"2019-03-17 00:00:00",110,9046.97622680664,50
"2020-10-07 00:00:00",100,7668.43150474548,69
"2019-05-18 00:00:00",99,10016.4808883667,57
"2019-04-14 00:00:00",110,11189.6990966797,213
"2019-05-12 00:00:00",110,11219.1015777588,51
"2020-07-05 00:00:00",110,12810.5725402832,51
"2020-01-26 00:00:00",110,11088.6927490234,386
"2018-11-10 00:00:00",3,1932.2816619873,214
"2019-01-22 00:00:00",73,7549.93356323242,38
"2020-09-19 00:00:00",116.733329772949,10130.4269104004,944
"2020-11-29 00:00:00",113.516670227051,9175.06852722168,96
"2020-09-29 00:00:00",110.133331298828,8284.83283996582,1875
"2021-01-20 00:00:00",113.349998474121,10652.0485839844,39
"2020-10-25 00:00:00",118.366668701172,9485.79916381836,50
"2019-11-10 00:00:00",12.4986667633057,1439.98472246448,57
"2020-07-13 00:00:00",110,12408.8104934692,46
"2019-02-23 00:00:00",11,1356.82710266113,387
"2021-01-11 00:00:00",2.57133340835571,1066.77130685553,944
"2019-10-03 00:00:00",110,9030.97082519531,45
"2020-12-17 00:00:00",116.400001525879,11028.2539253235,96
"2020-09-19 00:00:00",116.733329772949,9363.99729919434,50
"2020-07-19 00:00:00",96,11550.5956726074,213
"2020-01-26 00:00:00",110,10821.1461791992,51
"2019-10-03 00:00:00",110,11330.2643127441,947
"2020-07-02 00:00:00",110,10397.4356384277,1005
"2020-07-02 00:00:00",17.2666664123535,1324.08818912506,1005
"2019-01-06 00:00:00",89,8830.67990112305,41
"2020-12-12 00:00:00",113.233329772949,10940.3806838989,1003
"2018-12-21 00:00:00",68,7141.51396179199,50
"2019-07-21 00:00:00",64,4997.75088500977,388
"2021-02-27 00:00:00",106.583335876465,10667.0894165039,44
"2019-12-08 00:00:00",39.0566635131836,4108.4531544825,41
"2020-10-03 00:00:00",106.183334350586,9787.62329864502,41
"2019-01-22 00:00:00",110,10357.9430847168,39
"2019-12-08 00:00:00",5,1214.61031532288,1003
"2019-08-31 00:00:00",110,8837.57627868652,50
"2020-10-25 00:00:00",118.366668701172,10204.4083709717,98
"2019-09-28 00:00:00",23.0786666870117,2648.81240077948,57
"2019-09-15 00:00:00",110,10590.5783996582,213
"2019-11-07 00:00:00",110,11537.556060791,213
"2019-11-28 00:00:00",76,9917.59240722656,46
"2019-08-31 00:00:00",26.5206661224365,3391.0031441849,42
"2020-11-22 00:00:00",110.690673828125,9796.92532101787,44
"2020-12-12 00:00:00",62.0999984741211,770.441883087158,1983
"2019-09-15 00:00:00",34.3026657104492,3692.1859746379,41
"2018-11-04 00:00:00",110,10693.9114990234,39
"2019-11-07 00:00:00",82,9370.48338317871,1003
"2020-06-23 00:00:00",110,10119.5657348633,1005
"2020-06-29 00:00:00",110,8677.24433898926,39
"2020-06-29 00:00:00",17.1833324432373,1233.37275695801,39
"2020-09-26 00:00:00",62.1426658630371,5201.31228378748,69
"2019-02-15 00:00:00",108,13353.2139358521,51
"2018-11-25 00:00:00",110,11493.7978515625,44
"2019-06-07 00:00:00",110,10978.9511309791,386
"2020-07-08 00:00:00",16.4500007629395,1332.78214478493,386
"2020-07-08 00:00:00",110,10958.5787811279,386
"2020-10-17 00:00:00",113.833335876465,11234.0393676758,386
"2018-12-15 00:00:00",6.48466634750366,826.56544006746,45
"2021-02-27 00:00:00",106.400001525879,10071.972076416,213
"2020-12-12 00:00:00",61.7999992370605,3118.29425048828,2073
"2020-12-17 00:00:00",57.0166664123535,4341.05952453613,51
"2021-02-27 00:00:00",115.099998474121,10369.7332763672,51
"2020-02-08 00:00:00",110,10676.4079589844,44
"2019-09-15 00:00:00",110,9920.3722076416,944
"2020-02-20 00:00:00",110,11126.0214385986,944
"2020-06-29 00:00:00",83,8198.26225280762,944
"2020-06-29 00:00:00",17.6833324432373,1261.2210149765,944
"2019-05-18 00:00:00",110,10524.6246337891,39
"2019-03-30 00:00:00",110,9252.3385925293,50
"2020-06-20 00:00:00",110,9211.48889160156,50
"2019-09-22 00:00:00",10.4299993515015,1249.34878101861,57
"2021-02-19 00:00:00",6.31066703796387,965.631372805719,213
"2019-07-27 00:00:00",80,8231.03145599365,46
"2020-01-11 00:00:00",110,11557.7732543945,386
"2019-10-03 00:00:00",99,10462.1110229492,41
"2021-01-31 00:00:00",110.966667175293,9790.52752685547,1003
"2020-01-11 00:00:00",110,9598.30499267578,50
"2018-10-21 00:00:00",3,910.05296421051,388
"2019-07-27 00:00:00",110,11064.6171875,388
"2019-01-15 00:00:00",13,1717.77047920227,213
"2020-11-01 00:00:00",117.583335876465,11256.9872741699,44
"2020-12-12 00:00:00",12.0859994888306,1503.32736808264,41
"2020-02-08 00:00:00",110,10621.6868286133,39
"2020-11-01 00:00:00",91.6500015258789,9517.12367248535,98
"2020-10-25 00:00:00",60.1500015258789,4810.48732757568,213
"2020-12-20 00:00:00",114.366668701172,10821.6870727539,44
"2019-12-21 00:00:00",91,9915.18070983887,944
"2021-02-14 00:00:00",74.8166656494141,3484.63857841492,57
"2019-04-28 00:00:00",110,11356.9150085449,213
"2019-05-12 00:00:00",110,10122.4126434326,91
"2019-04-14 00:00:00",110,10682.3041687012,44
"2020-06-20 00:00:00",16,1931.87616729736,386
"2021-02-09 00:00:00",109.150001525879,9881.37286376953,2401
"2020-02-08 00:00:00",110,9983.63262939453,1005
"2020-02-20 00:00:00",110,10324.3441009521,1005
"2018-11-17 00:00:00",40,4891.58978209833,58
"2019-10-31 00:00:00",17.1833324432373,1297.87773633003,39
"2019-10-31 00:00:00",83,6717.544921875,39
"2021-02-06 00:00:00",116.933334350586,14342.6109466553,50
"2019-11-03 00:00:00",110,11964.1820983887,57
"2020-07-05 00:00:00",8,1693.51350784302,510
"2020-10-03 00:00:00",106.183334350586,11483.0711364746,44
"2019-05-05 00:00:00",100,10409.8478088379,386
"2020-02-02 00:00:00",3,490.159775733948,1004
"2020-12-05 00:00:00",67.4000015258789,5155.31428909302,1983
"2018-12-21 00:00:00",110,12579.2097167969,38
"2019-12-21 00:00:00",64.3966674804688,5236.36230817632,41
"2021-03-06 00:00:00",112.699996948242,8551.91566085816,39
"2021-02-27 00:00:00",67.283332824707,2815.88668823242,1003
"2019-09-10 00:00:00",110,8900.20861680204,50
"2019-12-21 00:00:00",110,9781.58554077148,50
"2020-06-23 00:00:00",110,8885.91751861572,50
"2020-12-12 00:00:00",113.233329772949,10119.6143341064,98
"2019-03-09 00:00:00",101,9888.98945617676,57
"2021-02-19 00:00:00",111.266670227051,11001.6524047852,945
"2018-10-21 00:00:00",107,11060.6297149658,44
"2020-01-11 00:00:00",110,10970.2065582275,944
"2020-11-29 00:00:00",113.516670227051,10316.7975769043,41
"2019-01-26 00:00:00",110,10134.0423774719,39
"2019-01-09 00:00:00",110,10790.4396820068,388
"2020-06-12 00:00:00",110,10712.3950271606,46
"2019-10-31 00:00:00",110,10531.5898132324,945
"2019-10-31 00:00:00",17.1833324432373,1217.60519599915,945
"2019-11-03 00:00:00",27,3891.71230316162,51
"2019-07-27 00:00:00",80,8945.24160766602,944
"2020-10-17 00:00:00",117.449996948242,10845.6662902832,1875
"2020-02-02 00:00:00",101,12447.7788238525,213
"2020-07-13 00:00:00",110,12032.7947692871,51
"2021-01-20 00:00:00",113.349998474121,11659.9807128906,386
"2019-12-12 00:00:00",27,2664.97881317139,1004
"2019-01-22 00:00:00",13,29.1263374090195,387
"2020-01-11 00:00:00",37,4335.87319946289,41
"2019-11-28 00:00:00",110,9479.17896270752,45
"2019-01-18 00:00:00",101,9934.36151123047,57
"2019-04-14 00:00:00",87,8536.72532653809,57
"2019-09-25 00:00:00",13.1799993515015,1642.46279770699,57
"2018-10-31 00:00:00",108.849998474121,11686.5524902344,213
"2019-09-07 00:00:00",110,10869.5007080511,386
"2020-02-27 00:00:00",110,5524.92479515076,386
"2020-01-26 00:00:00",100,10091.1688232422,944
"2021-02-06 00:00:00",116.933334350586,12321.6526184082,944
"2019-08-31 00:00:00",34.7133331298828,3694.04027069177,41
"2019-09-25 00:00:00",40.5560035705566,4825.68818999291,41
"2020-09-12 00:00:00",108.983329772949,11240.7574539185,96
"2021-01-05 00:00:00",117.016670227051,9818.84168624878,96
"2018-12-15 00:00:00",110,12137.0995178223,39
"2020-09-29 00:00:00",57.0999984741211,4259.30851364136,1003
"2019-08-18 00:00:00",95,10275.5142211914,213
"2019-08-18 00:00:00",17.4833335876465,1311.60017108917,213
"2019-09-28 00:00:00",73,7488.41206359863,213
"2019-07-21 00:00:00",61,5513.78483581543,91
"2019-11-24 00:00:00",110,10112.578338623,91
"2020-03-07 00:00:00",110,11190.6585083008,945
"2020-03-07 00:00:00",25.1166667938232,1419.39065170288,945
"2019-01-18 00:00:00",110,9257.55106940636,45
"2018-12-15 00:00:00",110,9009.9255065918,50
"2019-03-22 00:00:00",110,11659.2728544668,54
"2020-10-25 00:00:00",118.366668701172,10818.3869781494,51
"2019-01-06 00:00:00",110,11345.4820098877,386
"2020-02-15 00:00:00",110,11451.5237579346,386
"2019-08-18 00:00:00",110,10937.6457443237,944
"2019-08-18 00:00:00",17.4833335876465,1322.31403923035,944
"2019-03-03 00:00:00",110,11054.3024291992,389
"2019-09-15 00:00:00",110,8058.55426025391,50
"2019-11-18 00:00:00",110,8688.18796797846,50
"2020-11-14 00:00:00",110,8835.45893413242,50
"2018-10-28 00:00:00",24,2954.77690887451,213
"2019-11-10 00:00:00",88,8859.77149963379,103
"2018-10-21 00:00:00",110,10744.2686767578,46
"2018-11-04 00:00:00",110,11304.5313796997,46
"2019-02-02 00:00:00",33,3723.49174118042,46
"2019-05-18 00:00:00",110,10175.8555145264,46
"2019-10-06 00:00:00",79,8513.79193878174,46
"2020-07-05 00:00:00",110,13659.3763427734,386
"2020-09-19 00:00:00",111.866668701172,10467.1179199219,386
"2020-06-29 00:00:00",17.6833324432373,1211.1706237793,1005
"2020-06-29 00:00:00",110,10411.622428894,1005
"2020-11-22 00:00:00",110.690673828125,8326.31412542955,50
"2018-12-04 00:00:00",112.233329772949,10098.933013916,388
"2019-03-23 00:00:00",6,607.649633886652,213
"2019-08-24 00:00:00",18.033332824707,1384.41521835327,91
"2019-08-24 00:00:00",110,10054.3375854492,91
"2019-08-18 00:00:00",110,10338.0592651367,945
"2019-08-18 00:00:00",17.4833335876465,1243.0288643837,945
"2019-03-30 00:00:00",97,9644.34756469727,51
"2019-10-06 00:00:00",110,11118.3467559814,386
"2020-06-23 00:00:00",98,9741.61929321289,386
"2020-09-06 00:00:00",76,7629.23596721083,386
"2020-11-12 00:00:00",85,8509.12059424007,386
"2019-10-31 00:00:00",17.1833324432373,1290.81736069918,944
"2019-10-31 00:00:00",110,10691.9891052246,944
"2020-11-01 00:00:00",55.8666648864746,4806.95205688477,1003
"2019-09-22 00:00:00",110,8709.74041748047,50
"2019-12-21 00:00:00",61,7806.66593360901,57
"2019-08-07 00:00:00",24,5430.34944152832,943
"2018-11-10 00:00:00",30,3826.80786895752,213
"2020-09-26 00:00:00",52.3833351135254,5215.89959716797,213
"2019-11-24 00:00:00",97.1306610107422,9390.76759601209,103
"2019-08-31 00:00:00",110,10367.4376068115,46
"2020-02-27 00:00:00",25,3924.94201958179,46
"2020-01-11 00:00:00",110,9930.54133605957,1005
"2019-04-21 00:00:00",100,10173.9594116211,213
"2019-09-25 00:00:00",95,10290.7989349365,103
"2020-06-12 00:00:00",93,8475.79415893555,945
"2019-02-09 00:00:00",110,11706.590057373,51
"2021-01-11 00:00:00",113.395332336426,10222.2455870067,51
"2018-12-15 00:00:00",103,12985.1249847412,44
"2019-11-03 00:00:00",110,10558.5641174316,1005
"2021-03-06 00:00:00",105.016670227051,9837.54095458984,944
"2019-12-12 00:00:00",88,8420.15751647949,41
"2020-06-16 00:00:00",110,10079.8981628418,39
"2018-10-28 00:00:00",110,9279.44743347168,50
"2019-01-13 00:00:00",110,11014.0918783145,54
"2018-11-25 00:00:00",89,8951.76778793335,46
"2021-02-09 00:00:00",109.150001525879,9436.43133544922,945
"2020-10-17 00:00:00",117.449996948242,12814.2074279785,44
"2020-10-17 00:00:00",61.4166679382324,1810.90497398376,1983
"2019-01-18 00:00:00",96,9825.59429931641,38
"2020-02-27 00:00:00",110,11875.0819396973,944
"2019-02-09 00:00:00",110,11062.3671875,39
"2020-02-23 00:00:00",110,9798.27493286133,39
"2021-03-06 00:00:00",61.216667175293,1133.36829948425,1003
"2020-10-03 00:00:00",106.183334350586,8855.68376159668,50
"2019-10-03 00:00:00",23,4528.1856803894,103
"2019-03-17 00:00:00",110,12438.4764251709,46
"2019-04-02 00:00:00",28,4234.16618347168,46
"2019-10-27 00:00:00",22,2501.94454574585,1004
"2021-03-13 00:00:00",114.25,9921.38671875,2401
"2019-01-12 00:00:00",7.33200025558472,893.595370072184,41
"2019-11-24 00:00:00",110,10459.0551757813,39
"2019-04-21 00:00:00",110,10996.8300628662,386
"2019-04-21 00:00:00",89,7057.78244018555,50
"2020-01-26 00:00:00",110,8266.99012756348,50
"2020-01-11 00:00:00",8,1650.38705921173,946
"2019-04-25 00:00:00",110,10893.3692626953,91
"2019-08-31 00:00:00",110,10105.5413818359,91
"2019-10-19 00:00:00",110,9648.32560729981,91
"2020-01-11 00:00:00",110,11158.73046875,945
"2020-10-13 00:00:00",110,10701.9035665634,945
"2020-01-17 00:00:00",110,11029.8945007324,44
"2020-01-17 00:00:00",17.4833335876465,1275.98877620697,44
"2021-02-19 00:00:00",106.616668701172,10917.7732543945,386
"2018-12-04 00:00:00",112.816665649414,3607.86325454712,38
"2020-06-20 00:00:00",94,8842.17474365234,39
"2019-08-31 00:00:00",84,8620.66170692444,1003
"2020-03-07 00:00:00",25.1166667938232,1368.05002307892,98
"2020-07-13 00:00:00",4.03533315658569,1247.26665692882,1673
"2019-05-18 00:00:00",83,7934.13272094727,213
"2020-02-08 00:00:00",110,11566.4166564941,213
"2020-10-08 00:00:00",110,10310.7078265773,945
"2019-11-10 00:00:00",110,0,44
"2019-02-02 00:00:00",110,11788.9933776855,39
"2020-11-29 00:00:00",93.3000030517578,9459.68797302246,213
"2020-06-23 00:00:00",98,9805.26983642578,945
"2018-11-04 00:00:00",110,12236.1309356689,44
"2020-09-12 00:00:00",107.933334350586,12285.7517547607,386
"2020-02-08 00:00:00",16.3966655731201,2007.3543152312,41
"2020-11-01 00:00:00",55.7333335876465,4512.48141098022,41
"2020-10-17 00:00:00",117.449996948242,10063.8143310547,98
"2018-11-04 00:00:00",36,4272.41355895996,57
"2019-10-19 00:00:00",110,10191.3239746094,945
"2020-01-17 00:00:00",104,10190.8754882813,945
"2020-01-17 00:00:00",17.4833335876465,1245.98997116089,945
"2021-01-25 00:00:00",104.283332824707,11657.8394012451,44
"2020-02-23 00:00:00",110,10090.5196990967,386
"2020-10-25 00:00:00",64.3166656494141,4865.40815734863,41
"2018-12-07 00:00:00",110,11902.970916748,39
"2021-01-11 00:00:00",98.7959976196289,9543.41652986224,57
"2018-10-31 00:00:00",109.816665649414,3337.99549865723,54
"2019-09-22 00:00:00",110,8975.58895874023,91
"2021-01-31 00:00:00",110.966667175293,10533.6342544556,386
"2020-07-19 00:00:00",110,13388.4324645996,41
"2021-03-13 00:00:00",114.25,11332.1708984375,1313
"2020-12-05 00:00:00",42.5833320617676,2722.27093505859,96
"2020-07-08 00:00:00",16.4500007629395,1218.67365932465,1003
"2020-07-08 00:00:00",84,8258.04047966003,1003
"2020-11-29 00:00:00",113.516670227051,9104.38889312744,50
"2020-10-03 00:00:00",60.5666656494141,3102.31960678101,69
"2019-04-21 00:00:00",34.5626678466797,4004.93426700122,57
"2019-01-09 00:00:00",84,8444.35998535156,385
"2021-01-02 00:00:00",64.5833358764648,4868.68212890625,2073
"2021-01-25 00:00:00",55.8666648864746,1546.7877342701,2073
"2020-02-02 00:00:00",110,10772.8672332764,386
"2018-11-04 00:00:00",74,7638.08630371094,58
"2019-10-31 00:00:00",17.1833324432373,1331.07406044006,41
"2019-10-31 00:00:00",110,11027.2647094727,41
"2019-07-21 00:00:00",61,6022.23951721191,45
"2020-11-29 00:00:00",103.766670227051,9363.73364257813,39
"2021-02-06 00:00:00",116.933334350586,11026.907913208,1003
"2020-10-17 00:00:00",60.466667175293,4879.75704956055,69
"2019-11-03 00:00:00",97,10216.0700836182,46
"2018-12-07 00:00:00",110,10983.3262634277,91
"2020-02-02 00:00:00",110,11783.0030212402,945
"2020-09-29 00:00:00",110.783332824707,10549.5111694336,51
"2021-02-14 00:00:00",112.633331298828,10993.5020751953,44
"2021-01-11 00:00:00",82.3053283691406,7554.90332412975,386
"2019-03-03 00:00:00",90,10176.2970428467,57
"2019-09-19 00:00:00",110,11615.8622283936,57
"2020-01-17 00:00:00",110,10490.1829681396,91
"2020-01-17 00:00:00",17.4833335876465,1360.64710521698,91
"2019-12-01 00:00:00",110,5430.84454345703,41
"2021-02-27 00:00:00",69.5166702270508,4125.32775497437,1313
"2019-11-14 00:00:00",110,8818.3606679082,50
"2020-02-27 00:00:00",110,9826.43658638001,50
"2020-11-29 00:00:00",55.9833335876465,2203.22220611572,57
"2019-01-28 00:00:00",110,11132.5361994693,54
"2018-12-21 00:00:00",110,13011.8667907715,46
"2019-08-24 00:00:00",110,10874.780456543,945
"2019-08-24 00:00:00",18.033332824707,1480.07537746429,945
"2020-07-19 00:00:00",104,11595.9233398438,945
"2020-09-26 00:00:00",108.143333435059,10348.0632194671,945
"2019-08-24 00:00:00",69,5612.77510070801,42
"2019-08-24 00:00:00",18.033332824707,1394.68579530716,42
"2018-12-01 00:00:00",102,10938.8863220215,44
"2019-01-26 00:00:00",110,11899.9369430542,44
"2019-03-09 00:00:00",110,11137.0353851318,386
"2019-03-17 00:00:00",110,10512.1344299316,386
"2020-10-03 00:00:00",106.183334350586,10262.9679870605,1005
"2019-12-15 00:00:00",21,2430.98196029663,944
"2020-11-08 00:00:00",53.8666648864746,5845.99738311768,1003
"2020-11-01 00:00:00",117.583335876465,10710.9239959717,50
"2018-11-10 00:00:00",110,12470.622253418,44
"2019-10-24 00:00:00",33.0166664123535,1378.88581943512,45
"2019-10-24 00:00:00",13,1615.89043807983,45
"2019-01-18 00:00:00",110,9062.12718200684,50
"2019-02-15 00:00:00",110,12671.6686096191,213
"2019-12-08 00:00:00",116.800003051758,10801.7883300781,213
"2019-08-07 00:00:00",37,4724.09837341309,945
"2021-01-31 00:00:00",110.966667175293,9722.01602172852,945
"2019-02-02 00:00:00",25,2827.36354064941,38
"2019-04-02 00:00:00",110,11111.8450469971,213
"2019-11-10 00:00:00",22,2291.53263473511,213
"2020-01-17 00:00:00",110,11812.8136901855,213
"2020-01-17 00:00:00",17.4833335876465,1266.60697078705,213
"2019-12-21 00:00:00",110,11544.2902069092,386
"2020-02-08 00:00:00",104,10334.3919372559,386
"2020-10-03 00:00:00",77.283332824707,7352.74520874023,386
"2020-02-15 00:00:00",28,3748.08310699463,58
"2018-10-31 00:00:00",108.849998474121,11851.4851074219,39
"2020-01-17 00:00:00",17.4833335876465,1252.7610180378,50
"2020-01-17 00:00:00",110,9741.15933227539,50
"2021-01-20 00:00:00",113.349998474121,9848.03520965576,50
"2018-10-21 00:00:00",110,10726.8987350464,91
"2019-10-15 00:00:00",94,9043.67948307701,945
"2021-03-13 00:00:00",114.25,11110.6600036621,945
"2019-03-03 00:00:00",32.3899993896484,4520.20720122335,92
"2019-08-18 00:00:00",17.4833335876465,1201.71918904781,946
"2019-08-18 00:00:00",15,2092.50143814087,946
"2019-10-06 00:00:00",110,11223.0147857666,56
"2020-12-30 00:00:00",111.933334350586,12383.9414367676,57
"2020-12-05 00:00:00",42.5833320617676,1940.13495540619,213
"2020-09-29 00:00:00",110.783332824707,11669.8265380859,386
"2018-10-21 00:00:00",97,9887.9440612793,38
"2018-10-31 00:00:00",110,9932.18446174035,45
"2020-11-22 00:00:00",110.690673828125,9521.37815575817,1875
"2019-04-07 00:00:00",110,10320.6439666748,39
"2019-02-09 00:00:00",24,2730.57208442688,57
"2020-10-17 00:00:00",117.449996948242,11611.9165039063,945
"2020-09-29 00:00:00",110.166664123535,10291.0417175293,44
"2021-03-13 00:00:00",114.25,11683.3314819336,386
"2020-06-12 00:00:00",110,9555.7345199585,1165
"2019-01-09 00:00:00",21,141.347709059715,41
"2021-01-11 00:00:00",113.395332336426,10939.4696801484,1313
"2020-02-08 00:00:00",7.52533292770386,1163.30238780179,1003
"2020-09-19 00:00:00",62.6166648864746,5434.09770870209,1003
"2020-02-20 00:00:00",110,9229.43768310547,50
"2020-12-23 00:00:00",111.216667175293,10024.9469528198,98
"2019-09-22 00:00:00",110,10573.9735870361,46
"2019-09-25 00:00:00",68,6420.76213645935,46
"2021-01-20 00:00:00",113.349998474121,11495.622467041,945
"2019-11-24 00:00:00",110,11407.2220001221,386
"2020-11-01 00:00:00",117.583335876465,11048.6169891357,1875
"2020-12-23 00:00:00",111.216667175293,9158.04738616943,50
"2019-09-19 00:00:00",83,9191.82777404785,946
"2018-12-01 00:00:00",41,5357.48478698731,57
"2020-01-26 00:00:00",90,9117.09210205078,213
"2020-12-30 00:00:00",111.933334350586,10413.9165115356,41
"2019-05-05 00:00:00",91,8284.40385437012,389
"2019-11-07 00:00:00",94,9097.72469827326,56
"2020-02-23 00:00:00",110,10687.6577453613,46
"2019-08-31 00:00:00",110,10852.914855957,945
"2019-04-25 00:00:00",110,11255.6487121582,44
"2019-01-29 00:00:00",93,10880.0581970215,387
"2019-11-28 00:00:00",110,9250.76890563965,50
"2019-08-07 00:00:00",110,10640.363571167,213
"2021-02-09 00:00:00",55.7666664123535,5309.58863830566,213
"2018-12-01 00:00:00",21.1480007171631,2436.15056743892,41
"2020-02-20 00:00:00",38,3386.27869400883,41
"2021-02-06 00:00:00",22.0753345489502,2552.4420174313,1875
"2019-01-09 00:00:00",110,10826.0783996582,39
"2019-10-03 00:00:00",96,10352.6797485352,1003
"2019-04-25 00:00:00",99,10582.5628967285,213
"2020-01-11 00:00:00",110,11002.6368103027,46
"2019-09-25 00:00:00",110,11833.9048156738,44
"2019-01-18 00:00:00",110,10977.9319458008,386
"2019-11-24 00:00:00",17,2623.06456279755,1004
"2018-12-04 00:00:00",112.233329772949,11607.1620254517,387
"2019-01-29 00:00:00",110,12685.2283935547,39
"2019-09-15 00:00:00",110,10852.5223693848,44
"2020-12-23 00:00:00",111.216667175293,11095.9405822754,386
"2019-10-03 00:00:00",87,10844.6881599426,57
"2018-12-01 00:00:00",91,9547.87457275391,213
"2019-04-07 00:00:00",40,4471.16018676758,41
"2018-12-01 00:00:00",110,8741.71113586426,50
"2019-10-06 00:00:00",110,11328.2825469971,213
"2019-03-30 00:00:00",110,10038.1939544678,91
"2020-07-02 00:00:00",17.2666664123535,1310.15613889694,41
"2021-02-27 00:00:00",69.2666702270508,4684.40906524658,1875
"2019-01-06 00:00:00",73,6156.73779296875,389
"2019-02-15 00:00:00",110,12390.7697753906,389
"2019-04-02 00:00:00",110,8867.83114624024,50
"2019-01-18 00:00:00",110,10935.4506835938,387
"2019-02-15 00:00:00",12,2227.34072470665,387
"2020-12-12 00:00:00",113.233329772949,10924.4635009766,1875
"2018-10-28 00:00:00",110,10941.650604248,39
"2020-07-16 00:00:00",110,10681.5986175537,98
"2020-07-16 00:00:00",17.3166675567627,1215.6301484108,98
"2019-10-11 00:00:00",97,9755.60432399403,56
"2019-05-05 00:00:00",18.5906658172607,2626.9901211371,57
"2018-12-07 00:00:00",110,12947.5293731689,46
"2019-11-10 00:00:00",110,10641.5765533447,91
"2021-01-11 00:00:00",113.395332336426,10847.7692980772,945
"2020-02-20 00:00:00",110,11352.979095459,386
"2018-10-28 00:00:00",110,11043.4291381836,38
"2019-08-18 00:00:00",79,7578.82740020752,39
"2020-06-12 00:00:00",100,9442.21884155273,1003
"2020-07-08 00:00:00",110,8178.26396179199,50
"2020-07-08 00:00:00",16.4500007629395,1218.67365932465,50
"2020-11-11 00:00:00",32,2053.69969346371,69
"2019-12-01 00:00:00",9.80399990081787,1344.3128295597,57
"2019-04-28 00:00:00",110,11002.4932250977,54
"2020-12-23 00:00:00",61.8333320617676,5979.69120788574,2073
"2020-02-23 00:00:00",110,10676.9476318359,945
"2020-10-25 00:00:00",118.366668701172,10426.9418640137,945
"2020-03-01 00:00:00",110,12013.5894622803,51
"2019-02-15 00:00:00",98.4886627197266,9903.8541873402,92
"2020-03-01 00:00:00",105,10417.6130447388,1165
"2019-08-07 00:00:00",110,10389.5684051514,45
"2018-10-31 00:00:00",108.849998474121,10773.4526062012,91
"2018-10-28 00:00:00",86.7653350830078,7849.96002383961,41
"2018-11-10 00:00:00",110,11031.3878173828,39
"2019-04-07 00:00:00",39,4369.96915435791,389
"2019-01-06 00:00:00",99,10329.8930358887,57
"2019-05-18 00:00:00",11,1478.36711120605,54
"2019-10-24 00:00:00",33.0166664123535,1390.11226272583,91
"2019-10-24 00:00:00",97,5469.58042907715,91
"2019-12-01 00:00:00",22,2443.20192718506,1004
"2020-01-04 00:00:00",110,10539.4747009277,41
"2021-01-05 00:00:00",117.016670227051,8673.12144470215,1003
"2020-02-15 00:00:00",110,8719.72210693359,50
"2020-12-12 00:00:00",61.4833335876465,1776.68428230286,57
"2018-12-21 00:00:00",110,11481.9415130615,91
"2020-11-08 00:00:00",110.766670227051,10713.8668823242,945
"2020-12-17 00:00:00",56.9166679382324,4653.60983276367,945
"2019-04-28 00:00:00",78.9446640014648,8739.87222575285,92
"2019-01-06 00:00:00",110,10120.0605773926,38
"2019-10-27 00:00:00",37,4033.71659469604,41
"2019-01-22 00:00:00",110,9718.21443176269,45
"2019-09-28 00:00:00",110,9696.21362304688,39
"2020-09-26 00:00:00",111.233329772949,9584.20700836182,50
"2020-01-04 00:00:00",75,7126.22171020508,56
"2019-12-12 00:00:00",22,2576.15158081055,46
"2019-12-08 00:00:00",116.800003051758,11593.3553161621,945
"2020-02-02 00:00:00",110,10653.1446380615,51
"2020-11-22 00:00:00",110.690673828125,9043.55049355618,96
"2019-09-19 00:00:00",105,11697.5665206909,1003
"2018-10-31 00:00:00",48.8499984741211,9249.85307312012,50
"2020-12-30 00:00:00",65.7333297729492,3029.57112503052,2073
"2019-05-18 00:00:00",110,10997.0798492432,44
"2019-11-28 00:00:00",101,10555.5500183105,1004
"2020-01-26 00:00:00",21.3346652984619,2337.68124884215,41
"2020-07-16 00:00:00",17.3166675567627,1209.18886089325,41
"2021-01-02 00:00:00",113.733329772949,10616.1405639648,41
"2020-07-05 00:00:00",83,9924.79289245605,39
"2020-09-19 00:00:00",62.5166664123535,4429.49760437012,69
"2019-07-21 00:00:00",64,5454.24110412598,943
"2019-12-12 00:00:00",110,9490.36447906494,91
"2019-08-24 00:00:00",18.033332824707,1352.74111890793,44
"2019-08-24 00:00:00",110,11224.7144317627,44
"2020-11-13 00:00:00",17,1729.09126848679,44
"2019-12-15 00:00:00",110,11015.170791626,386
"2019-08-24 00:00:00",18.033332824707,1422.2189655304,947
"2019-08-24 00:00:00",81,8423.86766052246,947
"2021-02-27 00:00:00",69.6500015258789,2809.35152435303,2366
"2018-12-04 00:00:00",110,9883.91167621397,41
"2020-06-29 00:00:00",110,9638.25221252441,96
"2020-06-29 00:00:00",17.6833324432373,1246.01497554779,96
"2020-09-12 00:00:00",66,6740.34795440248,1003
"2019-10-06 00:00:00",110,9958.72204589844,50
"2019-01-15 00:00:00",110,10769.017578125,388
"2019-07-21 00:00:00",61,5381.97514438629,46
"2019-04-25 00:00:00",35.476001739502,4270.40479062968,41
"2019-04-25 00:00:00",107.529335021973,9296.36761055405,45
"2019-04-02 00:00:00",110,10513.9532470703,39
"2020-03-01 00:00:00",25,3461.1174621582,1171
"2019-02-23 00:00:00",88,9201.60530090332,57
"2021-01-05 00:00:00",71.6500015258789,6754.89131546021,57
"2020-07-16 00:00:00",34,4011.32455444336,46
"2020-07-16 00:00:00",17.3166675567627,1046.09625434875,46
"2019-03-03 00:00:00",110,10306.4507141113,91
"2018-10-28 00:00:00",110,11698.0995025635,44
"2019-01-12 00:00:00",110,12875.3806152344,44
"2019-05-05 00:00:00",110,10965.6284637451,44
"2019-07-27 00:00:00",30,4319.20631408691,947
"2019-07-21 00:00:00",61,5332.11489868164,212
"2018-10-21 00:00:00",15.1400003433228,1097.32720592968,45
"2019-08-18 00:00:00",17.4833335876465,1270.59669399261,50
"2019-08-18 00:00:00",110,8761.99894714356,50
"2021-02-27 00:00:00",106.183334350586,7204.73332214355,98
"2018-11-10 00:00:00",110,10302.936126709,91
"2019-09-22 00:00:00",104,10054.0329589844,945
"2021-03-06 00:00:00",112.699996948242,10405.3944702148,51
"2019-09-28 00:00:00",110,11439.2518005371,386
"2018-12-15 00:00:00",110,11291.138168335,387
"2019-04-28 00:00:00",110,10593.8161010742,39
"2019-09-06 00:00:00",110,8882.07546594943,50
"2020-06-29 00:00:00",27,3490.97167205811,46
"2020-06-29 00:00:00",17.466667175293,1191.2506570816,46
"2020-12-05 00:00:00",103.550003051758,10918.2430725098,945
"2021-03-13 00:00:00",114.25,11219.2867431641,51
"2019-01-22 00:00:00",110,11112.8715209961,44
"2019-03-03 00:00:00",110,11834.2439880371,386
"2019-12-12 00:00:00",110,10050.3431854248,944
"2020-10-25 00:00:00",118.366668701172,10127.8738555908,1875
"2019-09-15 00:00:00",9,1881.19623565674,946
"2019-01-29 00:00:00",110,9832.30853271484,91
"2019-01-26 00:00:00",81,7998.08889770508,386
"2020-10-08 00:00:00",95,9443.8181800804,386
"2019-01-09 00:00:00",84,8062.11929321289,214
"2019-10-06 00:00:00",30.9326667785645,3672.14433233894,41
"2019-01-09 00:00:00",110,9338.06128692627,45
"2020-09-26 00:00:00",76.5593338012695,7310.48375657926,1875
"2020-07-13 00:00:00",12,2258.06917572021,510
"2020-03-01 00:00:00",110,13532.3748474121,213
"2019-03-17 00:00:00",110,9627.89042663574,91
"2018-10-28 00:00:00",11,1445.59746932983,387
"2019-03-17 00:00:00",110,10245.5632324219,38
"2019-10-31 00:00:00",64,5260.14116668701,1005
"2019-10-31 00:00:00",17.1833324432373,1221.81128501892,1005
"2019-09-28 00:00:00",61,5070.18933105469,944
"2019-10-27 00:00:00",67,5834.18334960938,944
"2020-06-12 00:00:00",36.0566635131836,3464.90366303363,41
"2020-12-23 00:00:00",76.4166641235352,6512.61524200439,1875
"2020-07-05 00:00:00",27,3580.7105588913,1003
"2019-01-24 00:00:00",110,11395.6465521637,54
"2020-07-02 00:00:00",17.2666664123535,1210.65705394745,46
"2020-07-02 00:00:00",18,2674.41304779053,46
"2019-09-25 00:00:00",110,9658.50390625,945
"2019-10-27 00:00:00",110,12511.8914794922,945
"2019-11-28 00:00:00",110,11260.6190795898,51
"2020-10-14 00:00:00",110,11026.871664497,386
"2021-01-25 00:00:00",110.166664123535,8731.11434173584,944
"2018-11-10 00:00:00",98,10447.755279541,58
"2018-12-04 00:00:00",52.8166656494141,3050.23166656494,39
"2020-02-20 00:00:00",110,9971.24069213867,39
"2019-01-06 00:00:00",110,8512.36228942871,50
"2018-10-31 00:00:00",108.849998474121,11694.5679168701,57
"2019-04-07 00:00:00",71,5694.12279510498,57
"2019-04-21 00:00:00",110,10164.8745880127,388
"2019-01-18 00:00:00",110,11154.1104125977,213
"2020-12-17 00:00:00",116.400001525879,11693.9814376831,2073
"2020-02-08 00:00:00",95,10170.2219390869,46
"2020-02-23 00:00:00",110,10642.6214904785,51
"2019-02-23 00:00:00",106,10413.0221252441,213
"2021-03-06 00:00:00",106.349998474121,10180.1146240234,213
"2020-09-19 00:00:00",116.033332824707,11163.2174530029,51
"2020-01-26 00:00:00",10,1016.49453353882,1165
"2021-02-14 00:00:00",112.633331298828,9195.63339233399,2401
"2019-10-19 00:00:00",110,9898.00946044922,944
"2021-01-31 00:00:00",110.966667175293,8775.62672424316,1313
"2019-08-24 00:00:00",18.033332824707,1375.66727638245,39
"2019-08-24 00:00:00",110,10393.6421508789,39
"2021-02-06 00:00:00",116.933334350586,11938.7304077148,39
"2019-08-24 00:00:00",110,11544.1891784668,946
"2019-08-24 00:00:00",18.033332824707,1358.17027711868,946
"2019-08-18 00:00:00",110,11176.0926132202,56
"2019-08-18 00:00:00",17.4833335876465,1257.83912372589,56
"2019-10-31 00:00:00",17.1833324432373,1212.45672225952,57
"2019-04-28 00:00:00",110,10304.8323974609,91
"2019-05-05 00:00:00",110,10700.4184112549,91
"2020-02-27 00:00:00",110,12330.2898578644,44
"2020-06-20 00:00:00",110,10965.4704360962,44
"2020-06-29 00:00:00",110,11174.1520233154,386
"2020-06-29 00:00:00",17.3999996185303,1318.31601905823,386
"2021-02-14 00:00:00",76.6833343505859,4967.14924240112,2366
"2020-06-20 00:00:00",110,10101.172668457,1005
"2020-12-17 00:00:00",85.033332824707,7445.66790771484,1984
"2020-03-01 00:00:00",85,10353.5451965332,41
"2019-08-07 00:00:00",28,2910.92778396606,39
"2019-11-28 00:00:00",22,4148.82385063171,1003
"2020-07-13 00:00:00",112,11610.0351715088,213
"2020-07-08 00:00:00",16.4500007629395,1193.44569754601,945
"2020-07-08 00:00:00",103,9628.29763793945,945
"2021-01-25 00:00:00",104.366668701172,7765.30212402344,2366
"2019-11-03 00:00:00",42,5020.78063201904,41
"2020-06-16 00:00:00",13,1801.52264022827,1003
"2020-09-26 00:00:00",4.78999996185303,1062.69418161422,1003
"2019-08-07 00:00:00",73,8069.41581726074,51
"2019-11-03 00:00:00",110,12251.5165405273,44
"2020-07-05 00:00:00",110,12482.116607666,44
"2019-11-17 00:00:00",91,8944.00781056526,386
"2021-01-20 00:00:00",113.349998474121,10465.8018341064,1005
"2018-11-25 00:00:00",105,10497.4197998047,58
"2021-01-31 00:00:00",61.8833351135254,2167.32593917847,41
"2020-12-20 00:00:00",114.366668701172,9627.55617523193,39
"2020-02-02 00:00:00",110,8571.31730651856,50
"2020-09-29 00:00:00",110.783332824707,9229.09031677246,50
"2021-03-06 00:00:00",112.699996948242,9378.49740600586,50
"2018-11-20 00:00:00",110,10911.2754094268,386
"2020-02-08 00:00:00",34,3661.60423278809,1004
"2019-05-12 00:00:00",101.558670043945,10425.8181040663,41
"2019-01-22 00:00:00",110,9629.97415161133,50
"2021-01-05 00:00:00",68.716667175293,3522.92317962646,50
"2020-12-12 00:00:00",113.233329772949,11837.9059524536,51
"2019-11-24 00:00:00",77,8546.45190429688,41
"2020-09-29 00:00:00",57.0166664123535,4793.94483947754,213
"2020-06-23 00:00:00",12,2126.81868267059,103
"2018-10-31 00:00:00",109.816665649414,8726.98794555664,214
"2018-11-04 00:00:00",110,11065.4268951416,38
"2021-02-14 00:00:00",93.0666656494141,8550.33340454102,1875
"2020-12-20 00:00:00",13,1261.05820496748,1003
"2019-05-12 00:00:00",90,9905.71783447266,389
"2019-01-12 00:00:00",101,11924.2451248169,46
"2019-09-28 00:00:00",37,4115.80547332764,46
"2020-12-20 00:00:00",114.366668701172,10145.7888565063,51
"2019-02-23 00:00:00",111.197326660156,11016.4020876682,92
"2019-08-07 00:00:00",73,7370.84270095825,212
"2019-10-03 00:00:00",91,9676.00778198242,1004
"2018-10-28 00:00:00",99,10356.3513793945,58
"2021-01-05 00:00:00",54.5833320617676,5812.80428695679,1903
"2021-02-27 00:00:00",115.099998474121,10313.614944458,39
"2020-12-30 00:00:00",111.933334350586,9511.85211181641,50
"2019-02-02 00:00:00",77,8467.78070068359,213
"2019-12-08 00:00:00",13,2737.9160823822,46
"2018-10-21 00:00:00",110,12073.5104751587,386
"2020-02-15 00:00:00",43,5254.21420288086,1004
"2019-08-18 00:00:00",17.4833335876465,1283.24025726318,45
"2019-08-18 00:00:00",110,10069.735748291,45
"2020-09-12 00:00:00",68.3166656494141,1371.6698551178,39
"2019-09-28 00:00:00",110,10297.9041137695,945
"2019-09-22 00:00:00",6,674.541374206543,1004
"2021-02-19 00:00:00",111.266670227051,10555.4565887451,2401
"2020-01-04 00:00:00",16.8473339080811,2267.32512566754,57
"2018-11-25 00:00:00",110,9421.52011108398,91
"2019-12-01 00:00:00",110,9840.62344360352,91
"2020-06-20 00:00:00",94,9371.28775024414,945
"2019-03-17 00:00:00",104,12114.2315826416,51
"2020-11-08 00:00:00",86.533332824707,7663.53923034668,41
"2020-09-19 00:00:00",111.433334350586,10037.1349105835,39
"2021-01-31 00:00:00",61.5833320617676,3260.86265236139,57
"2018-11-04 00:00:00",110,9569.66122436523,91
"2021-02-27 00:00:00",115.099998474121,11124.691192627,386
"2020-01-11 00:00:00",26,2341.63208077898,1165
"2019-01-29 00:00:00",89,7858.47077178955,50
"2019-11-28 00:00:00",110,10513.9131917954,57
"2019-02-01 00:00:00",110,10651.3038717207,54
"2019-05-12 00:00:00",110,11028.3173828125,46
"2020-01-17 00:00:00",110,11108.944519043,39
"2020-01-17 00:00:00",17.4833335876465,1311.89340877533,39
"2020-11-08 00:00:00",52.8166656494141,4022.3299407959,98
"2019-03-26 00:00:00",25,2390.17072909201,54
"2020-06-29 00:00:00",13,2109.87325668335,103
"2020-06-29 00:00:00",17.6833324432373,1247.51064610481,103
"2019-12-21 00:00:00",61,5750.83134365082,46
"2019-11-03 00:00:00",110,10832.4542999268,945
"2020-06-20 00:00:00",110,11363.918510437,51
"2018-12-07 00:00:00",110,13330.6145629883,386
"2019-01-26 00:00:00",29,3125.54978990555,387
"2020-09-19 00:00:00",61.216667175293,1411.80851078033,98
"2021-01-20 00:00:00",105.449996948242,8691.76048278809,213
"2019-12-01 00:00:00",94,9759.62287902832,46
"2019-02-02 00:00:00",110,12398.0739898682,386
"2020-01-11 00:00:00",102,9844.93124389648,38
"2020-06-12 00:00:00",75,7393.50007629395,1171
"2019-12-08 00:00:00",116.800003051758,8858.05442810059,50
"2020-12-20 00:00:00",114.366668701172,10378.6968841553,945
"2021-02-14 00:00:00",112.633331298828,10196.6361541748,945
"2019-04-28 00:00:00",110,11667.324005127,51
"2019-05-12 00:00:00",110,12151.6990966797,44
"2020-02-23 00:00:00",24,2820.41034698486,1004
"2019-01-18 00:00:00",9,851.377082824707,409
"2021-02-27 00:00:00",106.300003051758,9664.6745300293,944
"2019-02-15 00:00:00",110,12378.2235717773,39
"2020-12-23 00:00:00",111.216667175293,10426.1012878418,39
"2019-05-12 00:00:00",110,9335.65586853027,50
"2020-06-29 00:00:00",104,10516.9779510498,213
"2020-06-29 00:00:00",17.6833324432373,1227.73266601563,213
"2019-01-15 00:00:00",110,11304.642578125,44
"2019-04-02 00:00:00",15,2845.46919059753,44
"2020-10-25 00:00:00",118.366668701172,12056.58203125,44
"2020-12-05 00:00:00",95.5999984741211,9775.34799194336,41
"2019-11-24 00:00:00",110,8678.19071960449,50
"2020-11-08 00:00:00",53.783332824707,5192.35680389404,69
"2019-09-15 00:00:00",84,9666.5821685791,103
"2020-07-02 00:00:00",17.2666664123535,1251.87914276123,103
"2020-07-02 00:00:00",18,2538.10039901733,103
"2019-09-15 00:00:00",76,9017.09259033203,46
"2019-11-19 00:00:00",61,5891.33315297958,945
"2020-07-16 00:00:00",17.3166675567627,1178.54952716827,51
"2020-07-16 00:00:00",76,7655.94786071777,51
"2020-07-02 00:00:00",17.2666664123535,1289.52028083801,44
"2020-07-02 00:00:00",99,10790.4981842041,44
"2020-06-16 00:00:00",64,5709.26065635681,1165
"2020-06-12 00:00:00",110,9378.93468475342,1005
"2019-08-24 00:00:00",110,8999.09971618652,50
"2019-08-24 00:00:00",18.033332824707,1419.56385362148,50
"2018-11-16 00:00:00",110,10507.707353284,54
"2019-08-07 00:00:00",37,5618.47135925293,388
"2020-11-01 00:00:00",55.6500015258789,2993.05679130554,213
"2021-01-20 00:00:00",113.349998474121,11545.5233764648,44
"2019-04-28 00:00:00",110,10677.9627532959,386
"2019-01-15 00:00:00",97,10392.6725463867,409
"2020-03-01 00:00:00",110,11542.8688964844,1005
"2021-02-14 00:00:00",112.633331298828,6349.35924530029,39
"2020-10-17 00:00:00",61.25,1244.24580383301,1003
"2018-11-04 00:00:00",85,9600.52857971191,389
"2021-03-06 00:00:00",105.216667175293,7040.56661987305,69
"2018-11-20 00:00:00",35,3408.39312158716,54
"2020-07-02 00:00:00",17.2666664123535,1255.17599201202,510
"2020-07-02 00:00:00",26,3179.74842071533,510
"2021-02-06 00:00:00",116.933334350586,11519.5117340088,213
"2019-03-30 00:00:00",110,10837.0377197266,386
"2019-01-26 00:00:00",108.553329467773,9103.87178957614,45
"2021-01-25 00:00:00",110.166664123535,9624.3254776001,1313
"2021-02-19 00:00:00",106.716667175293,10623.6998138428,1875
"2020-06-12 00:00:00",10,1886.84603500366,510
"2020-06-20 00:00:00",27,2981.31830978394,103
"2020-09-03 00:00:00",100,9812.31921449534,386
"2020-12-05 00:00:00",66.8833312988281,4463.98921585083,386
"2020-07-05 00:00:00",43,4226.10481262207,96
"2019-01-06 00:00:00",110,11498.5775756836,213
"2019-09-10 00:00:00",110,10479.4839680658,945
"2021-01-25 00:00:00",110.166664123535,9829.96215820313,945
"2019-02-23 00:00:00",22,69.7419157624245,51
"2019-12-01 00:00:00",88,8213.4761505127,944
"2019-01-15 00:00:00",110,11721.7508087158,41
"2020-12-17 00:00:00",36,3173.35944853141,41
"2019-04-14 00:00:00",31.1840000152588,2975.27411229299,45
"2020-07-19 00:00:00",125.090667724609,10278.2382065554,39
"2019-03-30 00:00:00",72,6468.92906951904,389
"2020-11-17 00:00:00",110,8898.43105917234,50
"2021-03-06 00:00:00",112.699996948242,10082.772277832,98
"2019-10-27 00:00:00",110,10396.8628234863,91
"2020-07-05 00:00:00",110,11168.332244873,945
"2020-06-12 00:00:00",110,10717.3284912109,51
"2020-11-22 00:00:00",110.690673828125,9976.84828793927,51
"2020-06-16 00:00:00",30,3341.17172241211,1004
"2019-12-01 00:00:00",110,9796.21098327637,1005
"2018-12-21 00:00:00",98,12818.7506713867,41
"2020-09-19 00:00:00",106.133331298828,9860.34967041016,1875
"2019-01-15 00:00:00",26,2922.85954284668,50
"2020-10-17 00:00:00",117.449996948242,9472.76620483398,50
"2019-04-02 00:00:00",28,4375.35271453857,57
"2020-11-01 00:00:00",117.583335876465,12550.8040008545,945
"2020-02-20 00:00:00",110,11510.9186096191,44
"2021-03-13 00:00:00",4.30666637420654,1119.36979466121,1003
"2019-08-07 00:00:00",37,5112.66242980957,46
"2020-09-19 00:00:00",116.733329772949,10288.3542938232,1005
"2020-02-02 00:00:00",107,11784.6348953247,944
"2020-02-08 00:00:00",76,7647.49761962891,944
"2019-01-06 00:00:00",110,10228.5141448975,39
"2021-01-20 00:00:00",61.3833351135254,1047.42511177063,1003
"2021-01-20 00:00:00",74.4499969482422,6354.19604492188,1003
"2019-03-17 00:00:00",17,1864.65230846405,57
"2019-02-02 00:00:00",110,12467.7003479004,51
"2019-10-31 00:00:00",17.1833324432373,1264.03782737255,44
"2019-10-31 00:00:00",110,10893.8699493408,44
"2020-03-07 00:00:00",25.1166667938232,1302.16399669647,1005
"2020-03-07 00:00:00",110,10747.8441619873,1005
"2020-01-17 00:00:00",31,3817.53745269775,944
"2020-01-17 00:00:00",17.4833335876465,1266.85138654709,944
"2018-10-31 00:00:00",15,1403.90724298221,41
"2019-10-24 00:00:00",110,10955.1757659912,41
"2019-10-24 00:00:00",33.0166664123535,1526.57917618752,41
"2021-01-02 00:00:00",113.733329772949,10477.2202606201,39
"2018-12-04 00:00:00",112.816665649414,7280.60429382324,389
"2018-12-15 00:00:00",110,12429.2560424805,389
"2018-12-21 00:00:00",110,12932.1858825684,389
"2019-01-29 00:00:00",82,8786.64572906494,57
"2021-02-06 00:00:00",11.3920001983643,1463.74232444428,57
"2020-01-17 00:00:00",99,10835.9406204224,46
"2020-01-17 00:00:00",17.4833335876465,1183.26667702198,46
"2020-02-15 00:00:00",110,10943.7644042969,945
"2020-12-30 00:00:00",111.933334350586,9964.27210235596,945
"2018-12-01 00:00:00",8,126.181988835335,387
"2020-11-22 00:00:00",110.690673828125,10320.0885360276,1003
"2018-12-07 00:00:00",110,12925.6401367188,389
"2019-11-28 00:00:00",110,11833.3907394409,56
"2020-09-29 00:00:00",56.9000015258789,61.8221206665039,57
"2019-08-24 00:00:00",18.033332824707,1408.66012620926,213
"2019-08-24 00:00:00",110,11452.3608398438,213
"2019-01-09 00:00:00",26,2817.64336776733,46
"2020-02-02 00:00:00",110,12577.1179580688,44
"2019-01-06 00:00:00",21,2476.09002304077,409
"2019-01-29 00:00:00",110,11069.4698181152,38
"2020-12-05 00:00:00",95.5,8647.33451843262,944
"2021-03-13 00:00:00",109.116668701172,8575.26822662354,944
"2019-12-15 00:00:00",110,9128.92340087891,50
"2019-11-19 00:00:00",110,11083.7190302531,56
"2018-12-07 00:00:00",78,5136.94612312317,57
"2019-10-24 00:00:00",84,9745.64067077637,46
"2019-10-24 00:00:00",33.0166664123535,1244.80840682983,46
"2020-06-20 00:00:00",33,3628.83582305908,46
"2020-09-26 00:00:00",111.233329772949,6654.52886962891,51
"2021-02-09 00:00:00",109.150001525879,11056.8583984375,51
"2019-04-07 00:00:00",110,11125.0075378418,44
"2020-07-19 00:00:00",110,13405.1637573242,386
"2020-10-25 00:00:00",86.6833343505859,6880.89443969727,386
"2020-12-12 00:00:00",106.616668701172,10499.6267547607,386
"2020-01-04 00:00:00",96,8570.89286804199,944
"2019-01-12 00:00:00",88,12741.6684875488,389
"2021-01-25 00:00:00",110.166664123535,10567.6212158203,50
"2021-01-02 00:00:00",67.3166656494141,6636.09740829468,57
"2020-07-16 00:00:00",17.3166675567627,1124.45506477356,510
"2020-07-16 00:00:00",99,10012.4667358398,510
"2020-02-15 00:00:00",67,7572.62163543701,46
"2020-02-23 00:00:00",73,6620.28710174561,1165
"2020-07-02 00:00:00",110,10881.985168457,944
"2020-07-02 00:00:00",17.2666664123535,1285.10213249922,944
"2020-07-08 00:00:00",16.4500007629395,1263.47857999802,41
"2019-10-19 00:00:00",11,1508.15503835678,1003
"2019-03-17 00:00:00",93,10611.7343444824,389
"2019-12-01 00:00:00",98.3506698608398,8754.4467844554,103
"2021-03-06 00:00:00",112.699996948242,11354.5042877197,44
"2019-04-07 00:00:00",110,10806.983795166,386
"2021-01-20 00:00:00",113.349998474121,10460.5238342285,2366
"2019-07-27 00:00:00",30,3846.16223144531,39
"2019-10-31 00:00:00",27,3831.52374172211,1003
"2019-10-31 00:00:00",17.1833324432373,1235.91520786285,1003
"2018-12-04 00:00:00",52.2333335876465,11728.8553543091,57
"2019-11-07 00:00:00",110,11668.5007858276,57
"2018-10-28 00:00:00",110,9902.29400634766,91
"2020-02-27 00:00:00",109,6599.41746807098,945
"2020-09-26 00:00:00",111.233329772949,11848.067779541,44
"2021-02-09 00:00:00",109.150001525879,11868.7855224609,44
"2020-07-08 00:00:00",16.4500007629395,1219.32159614563,944
"2020-07-08 00:00:00",112,10177.6913299561,944
"2020-10-17 00:00:00",117.449996948242,10868.0693206787,944
"2020-07-08 00:00:00",16.4500007629395,1234.16611099243,58
"2020-03-01 00:00:00",110,9442.78623962402,50
"2019-08-24 00:00:00",18.033332824707,1469.8512430191,56
"2019-08-24 00:00:00",92,9712.01200866699,56
"2019-05-05 00:00:00",76,7804.6397857666,213
"2020-09-19 00:00:00",106.016670227051,10609.0588531494,213
"2020-10-03 00:00:00",59.9500007629395,4383.10830688477,213
"2019-05-18 00:00:00",110,9701.08876037598,91
"2020-03-01 00:00:00",110,13245.4670410156,44
"2019-11-28 00:00:00",34,4200.48976898193,41
"2020-06-16 00:00:00",31.476001739502,3203.62860663387,41
"2019-05-05 00:00:00",110,8399.74003601074,50
"2019-08-31 00:00:00",38,4593.23715591431,57
"2020-02-15 00:00:00",110,11700.6669921875,213
"2019-03-03 00:00:00",20,1711.0431804657,387
"2021-02-09 00:00:00",55.3499984741211,4613.08117675781,2366
"2021-02-14 00:00:00",112.633331298828,10454.8146438599,944
"2019-02-23 00:00:00",4,30.1051740050316,41
"2018-12-21 00:00:00",41.1146659851074,4255.05242929348,45
"2018-10-21 00:00:00",28,3258.95747375488,213
"2020-11-08 00:00:00",56.8666648864746,6074.77396392822,213
"2019-01-18 00:00:00",91,8411.19731140137,46
"2019-10-19 00:00:00",61,5347.5650100708,46
"2021-02-06 00:00:00",116.933334350586,12103.5687255859,945
"2020-11-15 00:00:00",77,7687.94759063721,386
"2019-10-24 00:00:00",33.0166664123535,1432.86506867409,944
"2019-10-24 00:00:00",110,10960.3159332275,944
"2018-12-01 00:00:00",110,11353.9277648926,58
"2019-03-30 00:00:00",36.5993309020996,4051.56799123024,41
"2020-11-08 00:00:00",110.766670227051,11068.1068115234,1875
"2019-02-15 00:00:00",22,4372.39267158508,46
"2019-02-23 00:00:00",99,10455.9754638672,46
"2019-02-15 00:00:00",110,13330.3231658936,386
"2021-02-06 00:00:00",116.933334350586,12963.0305786133,386
"2018-10-31 00:00:00",49.8166656494141,10238.0188446045,387
"2020-12-30 00:00:00",111.933334350586,10359.876991272,1005
"2020-07-16 00:00:00",107,10182.1311645508,944
"2020-07-16 00:00:00",17.3166675567627,1166.92359828949,944
"2019-09-19 00:00:00",110,11402.7712097168,41
"2021-01-11 00:00:00",14.5993337631226,1896.26575624087,41
"2021-01-11 00:00:00",110.823997497559,9329.99013712975,39
"2019-02-15 00:00:00",2,801.044097542763,388
"2019-11-28 00:00:00",88,9197.05178833008,213
"2019-01-26 00:00:00",61,5333.56285095215,46
"2019-05-05 00:00:00",33.5573310852051,4268.81098888966,41
"2019-05-12 00:00:00",110,10875.9732055664,39
"2020-02-23 00:00:00",61,5061.3359451294,1171
"2019-03-03 00:00:00",110,9237.36282348633,50
"2020-11-29 00:00:00",55.9000015258789,1210.97020339966,69
"2019-07-21 00:00:00",61,6273.22998809814,213
"2021-02-19 00:00:00",111.266670227051,11622.456451416,51
"2019-05-18 00:00:00",110,11125.3157653809,386
"2019-04-25 00:00:00",8.84866619110107,1358.98653105496,409
"2019-11-07 00:00:00",16,2862.31422042847,41
"2019-11-10 00:00:00",110,9492.10977172852,50
"2020-10-12 00:00:00",110,9023.86893123969,50
"2021-02-09 00:00:00",109.150001525879,7646.78511047363,57
"2019-04-07 00:00:00",110,11272.1226501465,213
"2020-06-16 00:00:00",3,1478.19223022461,103
"2020-11-29 00:00:00",113.516670227051,10280.2423706055,51
"2019-01-15 00:00:00",61,7157.15648248544,92
"2019-02-02 00:00:00",109.415328979492,11045.064209487,92
"2019-12-08 00:00:00",116.800003051758,11497.1856994629,44
"2020-01-17 00:00:00",110,11786.2474975586,386
"2020-01-17 00:00:00",17.4833335876465,1362.66557002068,386
"2020-06-20 00:00:00",83,7422.71919250488,1165
"2020-06-16 00:00:00",61,5469.4236907959,944
"2020-10-25 00:00:00",86.6166687011719,6693.32917022705,944
"2019-05-18 00:00:00",39.3073310852051,4228.5324872865,41
"2020-02-27 00:00:00",4,2399.60304689407,1003
"2020-06-16 00:00:00",97,8931.64868164063,98
"2020-01-17 00:00:00",17.4833335876465,1227.66145133972,56
"2020-03-07 00:00:00",25.1166667938232,1282.38547992706,213
"2020-03-07 00:00:00",110,12201.4808349609,213
"2019-08-18 00:00:00",17.4833335876465,1122.9801697731,46
"2019-08-18 00:00:00",38,4295.66994857788,46
"2020-03-07 00:00:00",76,7310.96697998047,46
"2020-03-07 00:00:00",24.9333324432373,1234.16416168213,46
"2020-10-03 00:00:00",106.183334350586,10874.2460479736,945
"2019-10-27 00:00:00",43,6077.1305847168,51
"2018-12-21 00:00:00",110,13177.8544921875,386
"2020-02-02 00:00:00",110,10205.0200500488,1005
"2021-01-25 00:00:00",110.166664123535,10176.1371078491,1005
"2019-12-15 00:00:00",110,11808.3552246094,39
"2020-02-20 00:00:00",72,6923.86592102051,1171
"2019-11-10 00:00:00",11,1109.7980594635,946
"2020-07-08 00:00:00",110,11645.4589996338,44
"2020-07-08 00:00:00",16.4500007629395,1193.44569754601,44
"2019-09-25 00:00:00",110,12397.6874847412,386
"2019-11-07 00:00:00",110,10738.700668335,386
"2021-01-02 00:00:00",113.733329772949,8348.07830810547,386
"2019-09-28 00:00:00",64,5629.70237731934,1004
"2019-02-02 00:00:00",85,8389.36771392822,41
"2018-11-25 00:00:00",110,9800.44454574585,50
"2020-07-16 00:00:00",17.3166675567627,1186.52896761894,56
"2019-09-25 00:00:00",110,10705.6204910278,91
"2019-03-17 00:00:00",29.2646675109863,3791.30551823908,92
"2019-11-10 00:00:00",96,9299.91729736328,1004
"2019-04-28 00:00:00",33,3325.08917999268,409
"2020-07-05 00:00:00",67,8230.21750640869,1005
"2020-09-29 00:00:00",110.783332824707,9807.35211181641,1005
"2019-11-07 00:00:00",28,3265.2206993103,944
"2020-12-20 00:00:00",114.366668701172,11014.3086853027,944
"2019-09-28 00:00:00",110,9006.86767578125,45
"2020-01-04 00:00:00",110,9113.09651184082,50
"2020-10-17 00:00:00",90.283332824707,9319.84790039063,213
"2021-03-13 00:00:00",114.25,11907.3895568848,44
"2019-12-15 00:00:00",10,1308.38786697388,38
"2020-06-23 00:00:00",12,2284.45922851562,1003
"2019-04-02 00:00:00",82,8625.37991333008,389
"2019-09-19 00:00:00",110,8982.75403594971,50
"2021-01-25 00:00:00",55.6833343505859,3079.81956577301,57
"2019-03-30 00:00:00",110,11024.6439971924,213
"2019-04-21 00:00:00",110,10511.9971466064,91
"2020-10-08 00:00:00",19,1937.38530057032,44
"2018-10-28 00:00:00",110,11894.931427002,386
"2020-03-07 00:00:00",85,8152.72282409668,1165
"2020-03-07 00:00:00",24.533332824707,1130.81780719757,1165
"2020-02-27 00:00:00",1,712.433630943298,1004
"2019-09-25 00:00:00",110,11202.3463058472,50
"2020-12-17 00:00:00",116.400001525879,11775.5966644287,57
"2021-01-20 00:00:00",62.1333351135254,3408.03143310547,57
"2021-01-20 00:00:00",73.1999969482422,5254.42069649696,57
"2019-01-22 00:00:00",110,11760.2211303711,213
"2019-01-12 00:00:00",25,4218.57479476929,409
"2019-04-14 00:00:00",38,4295.01000213623,38
"2019-04-14 00:00:00",81,7521.24708557129,41
"2021-02-19 00:00:00",52.9500007629395,3312.27787780762,1313
"2019-04-25 00:00:00",110,10828.1687316895,39
"2020-02-27 00:00:00",110,6973.74021339417,39
"2019-12-01 00:00:00",110,10799.4959411621,1003
"2020-10-03 00:00:00",59.75,4463.92494392395,1003
"2019-02-15 00:00:00",110,10638.393737793,50
"2019-12-12 00:00:00",110,8938.89126586914,50
"2021-01-02 00:00:00",113.733329772949,9690.3145904541,50
"2020-06-29 00:00:00",17.6833324432373,1238.0876159668,44
"2020-06-29 00:00:00",110,11321.6776580811,44
"2020-11-01 00:00:00",80.6333312988281,7454.93161010742,944
"2019-08-18 00:00:00",31,5690.08686923981,41
"2019-08-18 00:00:00",17.4833335876465,1175.21247249842,41
"2019-09-22 00:00:00",110,9828.94598388672,39
"2019-10-24 00:00:00",33.0166664123535,1455.44885611534,50
"2019-10-24 00:00:00",110,9495.75325012207,50
"2020-10-03 00:00:00",94.8333358764648,9815.29089355469,51
"2019-01-09 00:00:00",110,12169.6576041682,92
"2019-10-31 00:00:00",17.1833324432373,1291.57908809185,386
"2019-10-31 00:00:00",110,10970.4744415283,386
"2019-12-08 00:00:00",116.800003051758,12180.4136962891,386
"2020-01-17 00:00:00",17.4833335876465,1220.104347229,1165
"2020-01-17 00:00:00",79,8059.62066650391,1165
"2020-12-23 00:00:00",108.213333129883,9722.27549764622,944
"2020-07-13 00:00:00",3,1041.66439247131,58
"2021-01-20 00:00:00",62.033332824707,3670.72552490234,41
"2018-10-21 00:00:00",110,12840.0866088867,39
"2018-12-01 00:00:00",110,11295.2488555908,39
"2018-11-25 00:00:00",89.5093383789063,8767.27244505712,389
"2019-08-07 00:00:00",73,7442.77233886719,50
"2021-01-02 00:00:00",113.733329772949,11710.2974243164,213
"2019-03-03 00:00:00",77,10552.1070098877,44
"2021-01-25 00:00:00",35.9973335266113,4095.20768858337,41
"2019-01-15 00:00:00",110,9426.5962600708,45
"2019-11-07 00:00:00",110,9466.95808410644,45
"2019-02-23 00:00:00",110,11813.6595153809,39
"2020-12-20 00:00:00",63.25,2890.3918800354,69
"2019-01-12 00:00:00",110,12403.9182739258,213
"2021-02-14 00:00:00",93.1833343505859,7732.58078765869,51
"2019-03-20 00:00:00",103,10241.488171904,386
"2019-09-15 00:00:00",101,10578.7074890137,386
"2018-10-21 00:00:00",110,11176.0771789551,58
"2020-09-19 00:00:00",62.3666648864746,3338.42244243622,41
"2020-02-02 00:00:00",9,1110.57908153534,1003
"2020-12-05 00:00:00",103.550003051758,10489.3747634888,50
"2020-11-29 00:00:00",57.9166679382324,5161.6194152832,98
"2020-06-23 00:00:00",87,8461.1999206543,510
"2019-12-12 00:00:00",110,11208.9793395996,213
"2018-09-27 00:00:00",65.466667175293,3875.61010551453,46
"2018-10-01 00:00:00",108.163330078125,8819.16010506048,45
"2018-09-22 00:00:00",112.087333679199,9630.83728494698,41
"2018-08-24 00:00:00",113.249328613281,9697.00601575075,45
"2018-08-19 00:00:00",78.7706680297852,9328.54780387878,57
"2018-10-01 00:00:00",108.163330078125,10385.3407758795,39
"2018-10-06 00:00:00",109.254669189453,9371.99710909801,45
"2018-08-24 00:00:00",113.249328613281,11230.7637634277,44
"2018-09-10 00:00:00",110,12698.4534179616,386
"2018-08-31 00:00:00",112.236663818359,9717.76137449494,45
"2018-10-01 00:00:00",110.016670227051,9644.29321289063,50
"2018-08-31 00:00:00",112.236663818359,11073.9025268555,44
"2018-08-19 00:00:00",107.147338867188,9626.72921999057,45
"2018-09-09 00:00:00",10,975.65367206371,58
"2018-10-01 00:00:00",90.1173324584961,8464.93384312402,41
"2018-08-24 00:00:00",113.249328613281,11655.8393096924,386
"2018-09-16 00:00:00",116.079330444336,12725.5561218262,91
"2018-09-22 00:00:00",112.816665649414,11786.6325645447,44
"2018-10-01 00:00:00",110,8378.9128112793,44
"2018-10-01 00:00:00",110.016670227051,11440.0111923218,57
"2018-10-06 00:00:00",107.13200378418,10389.2472381592,57
"2018-09-27 00:00:00",111.842002868652,9454.82581531894,45
"2018-08-24 00:00:00",113.249328613281,9519.23506164551,50
"2018-08-31 00:00:00",112.236663818359,9090.94557189941,50
"2018-09-22 00:00:00",94.7993316650391,0,50
"2018-08-24 00:00:00",97.2626647949219,9438.9407043457,213
"2018-08-19 00:00:00",71.9520034790039,7033.6387895916,58
"2018-08-19 00:00:00",85.5626678466797,8919.34078979492,46
"2018-08-19 00:00:00",107.147338867188,12178.891166687,44
"2018-10-06 00:00:00",109.254669189453,11326.3697967529,386
"2018-08-24 00:00:00",113.249328613281,10808.921005249,38
"2018-09-16 00:00:00",38.007999420166,5065.1316986084,54
"2018-08-31 00:00:00",62.1699981689453,5309.0094909668,385
"2018-08-31 00:00:00",37.973331451416,4472.8088798523,46
"2018-09-27 00:00:00",112.133331298828,10984.0589904785,44
"2018-10-06 00:00:00",109.254669189453,10864.7457580566,38
"2018-08-19 00:00:00",107.147338867188,9433.70314788818,50
"2018-09-27 00:00:00",112.133331298828,11854.6644287109,386
"2018-08-31 00:00:00",112.236663818359,11084.8294296265,57
"2018-08-31 00:00:00",112.236663818359,10582.0818481445,38
"2018-09-16 00:00:00",78.0706634521484,7635.80010219845,41
"2018-09-27 00:00:00",112.133331298828,11431.8250579834,39
"2018-09-27 00:00:00",64.9166641235352,2182.4320602417,389
"2018-08-19 00:00:00",28.3760013580322,4673.1396484375,385
"2018-08-19 00:00:00",107.147338867188,10960.3538970947,91
"2018-10-06 00:00:00",109.254669189453,9887.8361210027,39
"2018-09-16 00:00:00",116.079330444336,12826.707321167,46
"2018-09-22 00:00:00",112.087333679199,10479.6968994141,39
"2018-10-01 00:00:00",110.016670227051,11778.7585296631,386
"2018-09-16 00:00:00",116.079330444336,14006.2404022217,57
"2018-09-16 00:00:00",94.4340057373047,11229.9757461548,50
"2018-09-27 00:00:00",64.783332824707,5137.70119094849,42
"2018-09-16 00:00:00",116.079330444336,14362.9841003418,386
"2018-09-27 00:00:00",112.133331298828,11985.0946502686,91
"2018-10-06 00:00:00",77.4366683959961,7785.7668762207,213
"2018-08-31 00:00:00",112.236663818359,10474.481262207,39
"2018-09-27 00:00:00",100.153335571289,9271.2419339138,58
"2018-08-24 00:00:00",104.210662841797,9338.49473703557,41
"2018-10-06 00:00:00",109.254669189453,9415.74423217774,50
"2018-09-07 00:00:00",110,12198.5018022593,386
"2018-09-16 00:00:00",116.079330444336,13037.3365783691,38
"2018-08-24 00:00:00",15.9859991073608,2056.74833297729,46
"2018-08-19 00:00:00",21.5840015411377,2683.11271083595,41
"2018-09-22 00:00:00",112.816665649414,11602.0685882568,57
"2018-09-16 00:00:00",30.0633335113525,5513.3723449707,389
"2018-09-22 00:00:00",17.28733253479,4064.08090209961,387
"2018-08-31 00:00:00",65.0666656494141,6074.99653677099,58
"2018-08-24 00:00:00",113.249328613281,10279.3233947754,39
"2018-09-22 00:00:00",25.8993320465088,4180.01145935059,214
"2018-10-01 00:00:00",110.016670227051,11445.188369751,38
"2018-10-01 00:00:00",63.6333351135254,8196.06684875488,42
"2018-09-27 00:00:00",112.133331298828,10865.3118629456,57
"2018-10-06 00:00:00",31.8173332214355,3377.35031215079,41
"2018-09-22 00:00:00",112.816665649414,11000.2986907959,38
"2018-09-22 00:00:00",112.816665649414,10295.9169158936,91
"2018-10-06 00:00:00",39.493335723877,5609.80009460449,42
"2018-09-22 00:00:00",79.1679992675781,7570.9226403698,58
"2018-09-16 00:00:00",116.079330444336,12558.1259765625,39
"2018-08-19 00:00:00",107.147338867188,12520.0339431763,386
"2018-09-27 00:00:00",112.133331298828,11414.8421325684,213
"2018-08-24 00:00:00",9.01733303070068,2023.27355957031,91
"2018-08-24 00:00:00",113.249328613281,11010.5325546265,57
"2018-09-16 00:00:00",21.6446666717529,5692.07754707336,387
"2018-10-01 00:00:00",110.016670227051,10737.79737854,46
"2018-09-16 00:00:00",86.0153350830078,8504.79433759918,58
"2018-09-16 00:00:00",116.079330444336,9614.34051941364,45
"2018-09-22 00:00:00",5.05466651916504,2103.62088394165,385
"2018-10-11 00:00:00",110,12853.3638661477,386
"2018-10-14 00:00:00",110,11375.7472389648,386
"2018-08-31 00:00:00",74.2626647949219,7249.24536132813,213
"2018-08-19 00:00:00",107.147338867188,11197.4796524048,39
"2018-08-31 00:00:00",112.236663818359,11376.5957336426,386
"2018-08-24 00:00:00",24.3073329925537,2981.99528973688,58
"2018-09-22 00:00:00",112.816665649414,8514.87446594238,46
"2018-08-19 00:00:00",107.147338867188,12008.5257034302,54
"2018-09-22 00:00:00",112.087333679199,9389.40803892311,45
"2018-10-06 00:00:00",109.254669189453,10703.8392486572,46
"2018-10-01 00:00:00",103.535339355469,10177.8647984967,58
"2018-09-27 00:00:00",86.3826675415039,7852.10426344306,41
"2018-10-01 00:00:00",63.75,5853.33245849609,213
"2018-09-27 00:00:00",112.133331298828,8842.20307159424,50
"2018-08-24 00:00:00",88.9413299560547,8301.62338256836,385
"2018-10-06 00:00:00",69.7606658935547,7236.91423034668,44
"2018-08-31 00:00:00",99.3953323364258,8551.5798755858,41
"2018-08-19 00:00:00",35.1946640014648,4403.15432739258,213
"2018-08-31 00:00:00",12.8406667709351,3832.57693481445,214
